t_h,T_air_C,T_wb_C,C_s,j_w_kg_m2s,q_evap_W_m2,q_conv_wb_W_m2,ratio
0,28,25.4929,2.55,0.000556767,1358.68,62.6763,21.6777
0.5,41.513,34.7517,1.64862,0.000355475,859.63,169.031,5.08562
1,47.485,39.1242,1.47109,0.00031429,756.763,209.021,3.62052
2,49.852,41.3469,1.23109,0.000260114,624.937,212.629,2.9391
3,50.195,41.6301,1.00812,0.00021087,506.484,214.122,2.3654
6,49.9989,41.6668,0.532779,0.00010623,255.143,208.303,1.22487
12,49.9989,41.6668,0.164176,2.51253e-05,60.3458,208.303,0.289702
24,49.9989,41.6668,0.0664623,3.62501e-06,8.70652,208.303,0.0417974
36,49.9989,41.6668,0.0566358,1.46284e-06,3.51343,208.303,0.016867
48,49.9989,41.6668,0.0537221,8.21733e-07,1.97363,208.303,0.00947483
57.474,49.9989,41.6668,0.0526468,5.85121e-07,1.40534,208.303,0.00674662
