t_s,T_air_C,W,RH,T_wb_C
0,28,0.01963,0.819635,25.4929
60,28.528,0.02002,0.810147,25.8535
120,29.192,0.02053,0.798818,26.3106
180,29.684,0.021,0.793675,26.6956
240,30.037,0.02151,0.795994,27.0637
300,30.834,0.02191,0.774171,27.4697
360,31.293,0.02233,0.768153,27.8023
420,31.82,0.02278,0.760016,28.1615
480,32.121,0.02325,0.762046,28.4753
540,32.73,0.02377,0.75219,28.8783
600,33.202,0.02428,0.747643,29.2399
660,33.879,0.02465,0.730425,29.5704
720,34.268,0.02506,0.726201,29.8552
780,34.806,0.02552,0.717267,30.1918
840,35.142,0.02612,0.719944,30.5487
900,35.524,0.0266,0.717352,30.8533
960,36.091,0.02687,0.7021,31.0937
1020,36.354,0.02732,0.703154,31.3538
1080,37.067,0.02793,0.69075,31.7715
1140,37.419,0.02826,0.685307,31.9879
1200,37.882,0.02891,0.683,32.3643
1260,38.134,0.02921,0.68043,32.5433
1320,38.767,0.02961,0.666193,32.8353
1380,39.125,0.03029,0.667812,33.1915
1440,39.458,0.03051,0.660541,33.3453
1500,39.595,0.03098,0.665339,33.5666
1560,40.061,0.03137,0.65677,33.8119
1620,40.238,0.03179,0.658895,34.0154
1680,40.621,0.03219,0.653341,34.2454
1740,41.166,0.03262,0.642806,34.5133
1800,41.513,0.03307,0.639403,34.7517
1860,41.918,0.03345,0.632736,34.9704
1920,41.952,0.03403,0.64199,35.2012
1980,42.263,0.03447,0.639329,35.4226
2040,42.589,0.03476,0.633511,35.5876
2100,42.745,0.03513,0.634695,35.7533
2160,42.985,0.03558,0.634384,35.9614
2220,43.393,0.03609,0.629455,36.2171
2280,43.534,0.03646,0.630909,36.3757
2340,43.97,0.03653,0.617914,36.4715
2400,44.102,0.03694,0.620207,36.6414
2460,44.503,0.03731,0.613226,36.8383
2520,44.663,0.03766,0.613566,36.9884
2580,44.701,0.03812,0.619413,37.1573
2640,45.138,0.0384,0.60983,37.3237
2700,45.323,0.03858,0.606732,37.4153
2760,45.324,0.03903,0.613359,37.5717
2820,45.462,0.0394,0.614464,37.7205
2880,45.818,0.03954,0.605384,37.8227
2940,45.739,0.04013,0.616354,38.0116
3000,45.93,0.04011,0.61008,38.0336
3060,45.999,0.04076,0.61718,38.2629
3120,46.512,0.0407,0.600422,38.3193
3180,46.602,0.04128,0.605668,38.5255
3240,46.761,0.04157,0.604751,38.6447
3300,46.933,0.04187,0.603548,38.7683
3360,46.912,0.04205,0.606624,38.8241
3420,47.089,0.04229,0.604419,38.9279
3480,47.008,0.04247,0.609323,38.9746
3540,47.111,0.04277,0.610157,39.0864
3600,47.485,0.04272,0.598067,39.1242
3660,47.498,0.04312,0.602908,39.2544
3720,47.646,0.04333,0.601144,39.3425
3780,47.84,0.04369,0.599913,39.4844
3840,47.873,0.04373,0.599429,39.5017
3900,47.926,0.04389,0.599874,39.5597
3960,48.016,0.0442,0.6011,39.6699
4020,47.977,0.04422,0.602535,39.6707
4080,47.926,0.04435,0.605742,39.7042
4140,48.199,0.04468,0.601627,39.8454
4200,48.166,0.04483,0.604513,39.8874
4260,48.331,0.04491,0.60052,39.9352
4320,48.615,0.04514,0.594852,40.0456
4380,48.38,0.0453,0.603893,40.0624
4440,48.357,0.04543,0.606208,40.0992
4500,48.526,0.04561,0.603308,40.1777
4560,48.59,0.04589,0.604813,40.272
4620,48.825,0.04585,0.597252,40.292
4680,48.827,0.04629,0.602526,40.4258
4740,48.988,0.04641,0.599136,40.484
4800,48.979,0.04633,0.598444,40.4586
4860,48.9,0.04639,0.601536,40.466
4920,49.144,0.0466,0.596749,40.5624
4980,48.87,0.04687,0.608236,40.6064
5040,48.84,0.04689,0.609392,40.6083
5100,48.913,0.04707,0.609337,40.672
5160,49.261,0.04705,0.598601,40.7129
5220,49.169,0.0472,0.603137,40.7453
5280,49.056,0.04713,0.605714,40.7092
5340,49.257,0.04744,0.603332,40.8284
5400,49.116,0.04728,0.605688,40.762
5460,49.415,0.0476,0.600473,40.897
5520,49.321,0.04777,0.605294,40.9347
5580,49.317,0.04751,0.602353,40.8572
5640,49.304,0.04782,0.606396,40.9472
5700,49.492,0.04765,0.598757,40.922
5760,49.384,0.04802,0.606327,41.0167
5820,49.272,0.04779,0.607011,40.934
5880,49.31,0.04827,0.611508,41.0803
5940,49.749,0.04795,0.594605,41.0446
6000,49.743,0.04841,0.600076,41.1785
6060,49.66,0.0484,0.602442,41.1646
6120,49.463,0.04836,0.607913,41.1269
6180,49.83,0.04851,0.598632,41.2191
6240,49.753,0.04858,0.601731,41.2294
6300,49.739,0.04871,0.603645,41.2653
6360,49.622,0.04842,0.603814,41.1654
6420,49.55,0.04864,0.608535,41.2201
6480,49.477,0.04845,0.608538,41.1551
6540,49.891,0.04875,0.599559,41.2969
6600,49.683,0.04858,0.603829,41.2201
6660,49.569,0.04882,0.610046,41.2749
6720,49.633,0.04886,0.608568,41.2949
6780,49.781,0.04885,0.603991,41.3115
6840,49.592,0.04892,0.610505,41.307
6900,49.941,0.04908,0.601824,41.399
6960,49.902,0.04913,0.60356,41.4083
7020,49.892,0.04902,0.602607,41.3752
7080,49.759,0.04911,0.607634,41.3838
7140,49.865,0.0493,0.606609,41.4525
7200,49.852,0.04894,0.602892,41.3469
7260,49.893,0.04897,0.602007,41.3609
7320,49.619,0.04898,0.610379,41.3279
7380,49.792,0.04929,0.608699,41.4401
7440,49.612,0.0492,0.613133,41.3906
7500,49.845,0.04941,0.608467,41.4815
7560,49.77,0.04938,0.610396,41.4631
7620,49.683,0.04924,0.611431,41.4114
7680,49.669,0.04954,0.61531,41.496
7740,49.916,0.0495,0.607348,41.5166
7800,49.714,0.04928,0.610949,41.427
7860,50.095,0.04935,0.600287,41.4968
7920,49.929,0.04934,0.605139,41.4723
7980,49.817,0.04929,0.607943,41.4433
8040,49.943,0.0493,0.604264,41.4627
8100,49.664,0.04971,0.617419,41.5441
8160,50.135,0.04948,0.60056,41.5394
8220,49.902,0.04947,0.607429,41.5062
8280,50.056,0.04966,0.604948,41.5807
8340,49.71,0.04959,0.61463,41.5157
8400,49.915,0.0498,0.610787,41.6024
8460,49.92,0.04973,0.60984,41.5831
8520,50.147,0.0496,0.601551,41.5753
8580,49.967,0.04956,0.606492,41.5405
8640,49.921,0.04988,0.611513,41.6261
8700,49.821,0.04976,0.613189,41.5788
8760,49.856,0.04989,0.613604,41.6205
8820,49.953,0.04949,0.60612,41.5186
8880,49.915,0.04986,0.611468,41.6196
8940,49.708,0.04977,0.616757,41.567
9000,50.163,0.04981,0.60343,41.6374
9060,50.198,0.05004,0.604958,41.7075
9120,49.82,0.05009,0.616983,41.6729
9180,50.027,0.04976,0.606949,41.6055
9240,49.804,0.04998,0.616218,41.6395
9300,50.086,0.05016,0.609677,41.7271
9360,49.891,0.0499,0.612652,41.6279
9420,50.08,0.04998,0.607832,41.6752
9480,50.113,0.04997,0.606726,41.6766
9540,50.134,0.0499,0.605309,41.6593
9600,49.804,0.05021,0.618842,41.705
9660,50.208,0.05014,0.605777,41.7372
9720,49.865,0.04981,0.612419,41.5988
9780,49.769,0.05025,0.620377,41.7118
9840,50.027,0.05019,0.611802,41.7281
9900,49.935,0.04989,0.611201,41.6307
9960,50.165,0.05017,0.607405,41.7402
10020,50.154,0.0498,0.603587,41.6334
10080,49.909,0.05025,0.616077,41.7299
10140,50.226,0.05008,0.604567,41.7225
10200,49.895,0.05008,0.614575,41.6797
10260,50.008,0.0498,0.607973,41.6145
10320,49.878,0.0502,0.616458,41.7117
10380,50.218,0.04976,0.601228,41.6303
10440,49.832,0.04987,0.614108,41.6117
10500,49.772,0.04982,0.61537,41.5896
10560,49.968,0.05014,0.61303,41.7062
10620,50.246,0.04985,0.6014,41.6596
10680,50.196,0.05021,0.60692,41.7555
10740,50.124,0.05008,0.607631,41.7093
10800,50.195,0.04977,0.602026,41.6301
10860,50.197,0.04975,0.601742,41.6247
10920,50.009,0.04978,0.607717,41.6089
10980,49.908,0.05005,0.613838,41.6729
11040,50.136,0.05015,0.608055,41.7307
11100,50.081,0.04987,0.606564,41.6439
11160,49.937,0.05017,0.614314,41.7108
11220,49.797,0.04978,0.614149,41.5814
11280,50.123,0.05015,0.608447,41.7291
11340,49.881,0.05021,0.61648,41.7149
11400,50.218,0.05014,0.605477,41.7385
11460,49.87,0.0501,0.615566,41.6822
11520,49.811,0.05017,0.618171,41.6945
11580,50.166,0.04977,0.602891,41.6264
11640,49.827,0.04985,0.614032,41.6053
11700,49.84,0.04981,0.61318,41.5956
11760,50.05,0.05,0.608963,41.677
11820,50.187,0.05012,0.606184,41.7288
11880,49.848,0.05007,0.615897,41.6708
11940,49.905,0.05018,0.615405,41.7095
12000,50.139,0.04983,0.604373,41.64
12060,50.236,0.05012,0.604714,41.7351
12120,50,0.04985,0.60878,41.6277
12180,49.822,0.04989,0.614641,41.6161
12240,49.757,0.0501,0.619032,41.6676
12300,49.865,0.05024,0.617311,41.7214
12360,49.816,0.05006,0.616763,41.6638
12420,50.089,0.04978,0.60531,41.6193
12480,49.811,0.05006,0.616917,41.6632
12540,50.003,0.04977,0.607785,41.6053
12600,50.097,0.05019,0.609681,41.7371
12660,50.041,0.0501,0.610363,41.7043
12720,49.85,0.04984,0.613217,41.6054
12780,50.152,0.0498,0.603647,41.6331
12840,50.108,0.04984,0.605415,41.6389
12900,50.119,0.05024,0.609578,41.7541
12960,49.816,0.04998,0.615851,41.641
13020,49.812,0.05014,0.617798,41.6861
13080,50.214,0.05007,0.604814,41.7181
13140,49.949,0.05004,0.612476,41.6753
13200,49.9,0.04982,0.611469,41.6062
13260,49.994,0.05022,0.613144,41.7323
13320,50.081,0.0499,0.606902,41.6525
13380,50.228,0.05004,0.60406,41.7113
13440,49.893,0.0501,0.614863,41.6852
13500,50.212,0.05007,0.604874,41.7178
13560,49.762,0.05022,0.62025,41.7024
13620,50.028,0.04982,0.607596,41.6228
13680,50.067,0.05,0.60845,41.6792
13740,49.803,0.04995,0.615907,41.6308
13800,49.82,0.04999,0.615843,41.6444
13860,49.96,0.04981,0.609537,41.6111
13920,50.233,0.04982,0.601452,41.6493
13980,50.048,0.04989,0.607783,41.6454
14040,50.217,0.0499,0.602824,41.6701
14100,50.152,0.04996,0.605442,41.6788
14160,49.984,0.05006,0.611639,41.6855
14220,50.142,0.05007,0.606976,41.7088
14280,49.759,0.04996,0.617369,41.6279
14340,49.805,0.04995,0.615845,41.631
14400,50.165,0.04986,0.603931,41.6519
plateau,49.9989,0.0499875,0.610367,41.6668
