t_s,r_cm,T_C,C
100,0,28.0001,2.55
100,0.025,28.0001,2.55
100,0.05,28.0001,2.55
100,0.075,28.0001,2.55
100,0.1,28.0001,2.55
100,0.125,28.0001,2.55
100,0.15,28.0001,2.55
100,0.175,28.0001,2.55
100,0.2,28.0001,2.55
100,0.225,28.0001,2.55
100,0.25,28.0001,2.55
100,0.275,28.0001,2.55
100,0.3,28.0001,2.55
100,0.325,28.0001,2.55
100,0.35,28.0002,2.55
100,0.375,28.0002,2.55
100,0.4,28.0002,2.55
100,0.425,28.0002,2.55
100,0.45,28.0003,2.55
100,0.475,28.0003,2.55
100,0.5,28.0003,2.55
100,0.525,28.0004,2.55
100,0.55,28.0004,2.55
100,0.575,28.0005,2.55
100,0.6,28.0006,2.55
100,0.625,28.0007,2.55
100,0.65,28.0007,2.55
100,0.675,28.0008,2.55
100,0.7,28.001,2.55
100,0.725,28.0011,2.55
100,0.75,28.0012,2.55
100,0.775,28.0014,2.55
100,0.8,28.0016,2.55
100,0.825,28.0018,2.55
100,0.85,28.002,2.55
100,0.875,28.0023,2.55
100,0.9,28.0025,2.55
100,0.925,28.0029,2.55
100,0.95,28.0032,2.55
100,0.975,28.0036,2.55
100,1,28.004,2.55
100,1.025,28.0045,2.55
100,1.05,28.0051,2.55
100,1.075,28.0057,2.55
100,1.1,28.0063,2.55
100,1.125,28.0071,2.55
100,1.15,28.0079,2.55
100,1.175,28.0088,2.55
100,1.2,28.0098,2.55
100,1.225,28.0109,2.55
100,1.25,28.0121,2.55
100,1.275,28.0134,2.55
100,1.3,28.0149,2.55
100,1.325,28.0165,2.55
100,1.35,28.0182,2.55
100,1.375,28.0201,2.55
100,1.4,28.0222,2.55
100,1.425,28.0245,2.55
100,1.45,28.027,2.55
100,1.475,28.0297,2.55
100,1.5,28.0327,2.55
100,1.525,28.0359,2.55
100,1.55,28.0394,2.55
100,1.575,28.0432,2.55
100,1.6,28.0474,2.54999
100,1.625,28.0519,2.54998
100,1.65,28.0567,2.54995
100,1.675,28.062,2.54988
100,1.7,28.0676,2.5497
100,1.725,28.0737,2.54929
100,1.75,28.0803,2.54842
100,1.775,28.0875,2.54667
100,1.8,28.0951,2.54335
100,1.825,28.1033,2.53738
100,1.85,28.1122,2.52723
100,1.875,28.1216,2.51089
100,1.9,28.1318,2.48588
100,1.925,28.1427,2.44951
100,1.95,28.1543,2.39905
100,1.975,28.1668,2.33214
100,2,28.1801,2.24705
300,0,28.0408,2.55
300,0.025,28.0408,2.55
300,0.05,28.041,2.55
300,0.075,28.0413,2.55
300,0.1,28.0416,2.55
300,0.125,28.0421,2.55
300,0.15,28.0427,2.55
300,0.175,28.0434,2.55
300,0.2,28.0442,2.55
300,0.225,28.0451,2.55
300,0.25,28.0462,2.55
300,0.275,28.0473,2.55
300,0.3,28.0486,2.55
300,0.325,28.05,2.55
300,0.35,28.0515,2.55
300,0.375,28.0532,2.55
300,0.4,28.0549,2.55
300,0.425,28.0569,2.55
300,0.45,28.0589,2.55
300,0.475,28.0611,2.55
300,0.5,28.0635,2.55
300,0.525,28.066,2.55
300,0.55,28.0687,2.55
300,0.575,28.0715,2.55
300,0.6,28.0745,2.55
300,0.625,28.0777,2.55
300,0.65,28.0811,2.55
300,0.675,28.0846,2.55
300,0.7,28.0884,2.55
300,0.725,28.0923,2.55
300,0.75,28.0965,2.55
300,0.775,28.1008,2.55
300,0.8,28.1054,2.55
300,0.825,28.1103,2.55
300,0.85,28.1154,2.55
300,0.875,28.1207,2.55
300,0.9,28.1263,2.55
300,0.925,28.1321,2.55
300,0.95,28.1383,2.55
300,0.975,28.1447,2.55
300,1,28.1514,2.55
300,1.025,28.1584,2.55
300,1.05,28.1658,2.55
300,1.075,28.1734,2.55
300,1.1,28.1815,2.55
300,1.125,28.1898,2.55
300,1.15,28.1986,2.55
300,1.175,28.2077,2.55
300,1.2,28.2172,2.55
300,1.225,28.2272,2.55
300,1.25,28.2375,2.55
300,1.275,28.2483,2.55
300,1.3,28.2596,2.54999
300,1.325,28.2713,2.54998
300,1.35,28.2835,2.54997
300,1.375,28.2962,2.54995
300,1.4,28.3094,2.5499
300,1.425,28.3232,2.54983
300,1.45,28.3376,2.54971
300,1.475,28.3525,2.54951
300,1.5,28.3681,2.5492
300,1.525,28.3842,2.54871
300,1.55,28.4011,2.54795
300,1.575,28.4186,2.5468
300,1.6,28.4368,2.54509
300,1.625,28.4557,2.54262
300,1.65,28.4754,2.53909
300,1.675,28.4959,2.53414
300,1.7,28.5172,2.52735
300,1.725,28.5394,2.51817
300,1.75,28.5624,2.50602
300,1.775,28.5863,2.49018
300,1.8,28.6112,2.46991
300,1.825,28.6371,2.44438
300,1.85,28.664,2.41275
300,1.875,28.6919,2.37418
300,1.9,28.7209,2.32785
300,1.925,28.7511,2.27298
300,1.95,28.7824,2.2089
300,1.975,28.8149,2.13502
300,2,28.8487,2.05084
600,0,28.4533,2.55
600,0.025,28.4535,2.55
600,0.05,28.4541,2.55
600,0.075,28.4551,2.55
600,0.1,28.4566,2.55
600,0.125,28.4584,2.55
600,0.15,28.4606,2.55
600,0.175,28.4633,2.55
600,0.2,28.4663,2.55
600,0.225,28.4698,2.55
600,0.25,28.4737,2.55
600,0.275,28.478,2.55
600,0.3,28.4827,2.55
600,0.325,28.4879,2.55
600,0.35,28.4934,2.55
600,0.375,28.4994,2.55
600,0.4,28.5059,2.55
600,0.425,28.5127,2.55
600,0.45,28.5201,2.55
600,0.475,28.5278,2.55
600,0.5,28.536,2.55
600,0.525,28.5447,2.55
600,0.55,28.5538,2.55
600,0.575,28.5634,2.55
600,0.6,28.5735,2.55
600,0.625,28.584,2.55
600,0.65,28.595,2.55
600,0.675,28.6065,2.55
600,0.7,28.6185,2.55
600,0.725,28.631,2.55
600,0.75,28.6441,2.55
600,0.775,28.6576,2.55
600,0.8,28.6716,2.55
600,0.825,28.6862,2.55
600,0.85,28.7014,2.55
600,0.875,28.717,2.55
600,0.9,28.7333,2.55
600,0.925,28.7501,2.55
600,0.95,28.7674,2.55
600,0.975,28.7854,2.54999
600,1,28.8039,2.54999
600,1.025,28.8231,2.54998
600,1.05,28.8428,2.54997
600,1.075,28.8632,2.54996
600,1.1,28.8843,2.54994
600,1.125,28.9059,2.5499
600,1.15,28.9282,2.54986
600,1.175,28.9512,2.54979
600,1.2,28.9749,2.54969
600,1.225,28.9992,2.54955
600,1.25,29.0243,2.54935
600,1.275,29.05,2.54908
600,1.3,29.0765,2.5487
600,1.325,29.1037,2.54818
600,1.35,29.1317,2.54748
600,1.375,29.1604,2.54655
600,1.4,29.1899,2.5453
600,1.425,29.2202,2.54367
600,1.45,29.2513,2.54154
600,1.475,29.2832,2.53879
600,1.5,29.3159,2.53528
600,1.525,29.3495,2.53083
600,1.55,29.3839,2.52525
600,1.575,29.4192,2.51832
600,1.6,29.4553,2.50979
600,1.625,29.4924,2.49936
600,1.65,29.5304,2.48675
600,1.675,29.5693,2.47161
600,1.7,29.6091,2.4536
600,1.725,29.6499,2.43235
600,1.75,29.6916,2.40748
600,1.775,29.7343,2.3786
600,1.8,29.7781,2.34533
600,1.825,29.8228,2.30727
600,1.85,29.8685,2.26405
600,1.875,29.9153,2.2153
600,1.9,29.9631,2.16068
600,1.925,30.012,2.09985
600,1.95,30.062,2.0325
600,1.975,30.1131,1.95831
600,2,30.1652,1.87696
900,0,29.3243,2.55
900,0.025,29.3246,2.55
900,0.05,29.3256,2.55
900,0.075,29.3273,2.55
900,0.1,29.3296,2.55
900,0.125,29.3326,2.55
900,0.15,29.3362,2.55
900,0.175,29.3406,2.55
900,0.2,29.3455,2.55
900,0.225,29.3512,2.55
900,0.25,29.3575,2.55
900,0.275,29.3645,2.55
900,0.3,29.3722,2.55
900,0.325,29.3806,2.55
900,0.35,29.3896,2.55
900,0.375,29.3993,2.55
900,0.4,29.4097,2.55
900,0.425,29.4208,2.55
900,0.45,29.4326,2.55
900,0.475,29.4451,2.55
900,0.5,29.4582,2.55
900,0.525,29.4721,2.55
900,0.55,29.4867,2.55
900,0.575,29.502,2.55
900,0.6,29.518,2.55
900,0.625,29.5348,2.55
900,0.65,29.5522,2.55
900,0.675,29.5704,2.55
900,0.7,29.5893,2.54999
900,0.725,29.609,2.54999
900,0.75,29.6294,2.54999
900,0.775,29.6505,2.54998
900,0.8,29.6724,2.54998
900,0.825,29.6951,2.54997
900,0.85,29.7185,2.54996
900,0.875,29.7427,2.54994
900,0.9,29.7677,2.54991
900,0.925,29.7934,2.54988
900,0.95,29.82,2.54983
900,0.975,29.8473,2.54977
900,1,29.8755,2.54968
900,1.025,29.9044,2.54957
900,1.05,29.9342,2.54942
900,1.075,29.9647,2.54923
900,1.1,29.9961,2.54897
900,1.125,30.0284,2.54863
900,1.15,30.0614,2.5482
900,1.175,30.0954,2.54765
900,1.2,30.1301,2.54694
900,1.225,30.1658,2.54605
900,1.25,30.2023,2.54492
900,1.275,30.2396,2.54351
900,1.3,30.2779,2.54176
900,1.325,30.317,2.53959
900,1.35,30.357,2.53693
900,1.375,30.3979,2.53369
900,1.4,30.4397,2.52975
900,1.425,30.4824,2.52501
900,1.45,30.5261,2.51932
900,1.475,30.5706,2.51256
900,1.5,30.6161,2.50454
900,1.525,30.6626,2.49511
900,1.55,30.7099,2.48408
900,1.575,30.7582,2.47125
900,1.6,30.8075,2.45641
900,1.625,30.8577,2.43933
900,1.65,30.9089,2.41979
900,1.675,30.9611,2.39756
900,1.7,31.0142,2.3724
900,1.725,31.0684,2.34406
900,1.75,31.1235,2.31229
900,1.775,31.1796,2.27687
900,1.8,31.2367,2.23755
900,1.825,31.2948,2.19409
900,1.85,31.354,2.14627
900,1.875,31.4141,2.09386
900,1.9,31.4753,2.03663
900,1.925,31.5375,1.97435
900,1.95,31.6008,1.90678
900,1.975,31.6651,1.83367
900,2,31.7304,1.75471
1200,0,30.5427,2.55
1200,0.025,30.5431,2.55
1200,0.05,30.5444,2.55
1200,0.075,30.5465,2.55
1200,0.1,30.5494,2.55
1200,0.125,30.5531,2.55
1200,0.15,30.5577,2.55
1200,0.175,30.5631,2.55
1200,0.2,30.5693,2.55
1200,0.225,30.5764,2.55
1200,0.25,30.5843,2.55
1200,0.275,30.593,2.55
1200,0.3,30.6026,2.55
1200,0.325,30.6131,2.55
1200,0.35,30.6243,2.55
1200,0.375,30.6364,2.55
1200,0.4,30.6494,2.55
1200,0.425,30.6632,2.55
1200,0.45,30.6779,2.55
1200,0.475,30.6934,2.54999
1200,0.5,30.7098,2.54999
1200,0.525,30.727,2.54999
1200,0.55,30.7451,2.54999
1200,0.575,30.7641,2.54998
1200,0.6,30.7839,2.54998
1200,0.625,30.8046,2.54997
1200,0.65,30.8262,2.54996
1200,0.675,30.8486,2.54994
1200,0.7,30.8719,2.54992
1200,0.725,30.8962,2.54989
1200,0.75,30.9213,2.54986
1200,0.775,30.9473,2.54982
1200,0.8,30.9742,2.54976
1200,0.825,31.002,2.54968
1200,0.85,31.0307,2.54959
1200,0.875,31.0604,2.54947
1200,0.9,31.0909,2.54931
1200,0.925,31.1224,2.54912
1200,0.95,31.1548,2.54887
1200,0.975,31.1881,2.54856
1200,1,31.2223,2.54818
1200,1.025,31.2575,2.5477
1200,1.05,31.2937,2.54711
1200,1.075,31.3308,2.54639
1200,1.1,31.3689,2.5455
1200,1.125,31.4079,2.54442
1200,1.15,31.4479,2.5431
1200,1.175,31.4888,2.54151
1200,1.2,31.5308,2.53961
1200,1.225,31.5737,2.53733
1200,1.25,31.6176,2.53461
1200,1.275,31.6625,2.53139
1200,1.3,31.7084,2.52759
1200,1.325,31.7553,2.52313
1200,1.35,31.8033,2.51792
1200,1.375,31.8522,2.51185
1200,1.4,31.9022,2.50481
1200,1.425,31.9532,2.4967
1200,1.45,32.0053,2.48738
1200,1.475,32.0584,2.47671
1200,1.5,32.1126,2.46457
1200,1.525,32.1678,2.4508
1200,1.55,32.2241,2.43524
1200,1.575,32.2814,2.41775
1200,1.6,32.3398,2.39815
1200,1.625,32.3994,2.37627
1200,1.65,32.46,2.35196
1200,1.675,32.5217,2.32503
1200,1.7,32.5845,2.29531
1200,1.725,32.6485,2.26264
1200,1.75,32.7135,2.22685
1200,1.775,32.7797,2.18775
1200,1.8,32.847,2.14519
1200,1.825,32.9155,2.099
1200,1.85,32.9852,2.049
1200,1.875,33.0559,1.99502
1200,1.9,33.1279,1.93689
1200,1.925,33.2011,1.87441
1200,1.95,33.2754,1.80737
1200,1.975,33.3509,1.73552
1200,2,33.4276,1.65856
1500,0,31.9957,2.55
1500,0.025,31.9962,2.55
1500,0.05,31.9976,2.55
1500,0.075,32,2.55
1500,0.1,32.0033,2.55
1500,0.125,32.0076,2.55
1500,0.15,32.0129,2.55
1500,0.175,32.0191,2.55
1500,0.2,32.0262,2.55
1500,0.225,32.0343,2.55
1500,0.25,32.0434,2.55
1500,0.275,32.0534,2.54999
1500,0.3,32.0644,2.54999
1500,0.325,32.0763,2.54999
1500,0.35,32.0892,2.54999
1500,0.375,32.103,2.54998
1500,0.4,32.1178,2.54998
1500,0.425,32.1336,2.54997
1500,0.45,32.1504,2.54996
1500,0.475,32.1681,2.54995
1500,0.5,32.1867,2.54994
1500,0.525,32.2064,2.54992
1500,0.55,32.227,2.5499
1500,0.575,32.2486,2.54987
1500,0.6,32.2711,2.54983
1500,0.625,32.2947,2.54979
1500,0.65,32.3192,2.54973
1500,0.675,32.3447,2.54966
1500,0.7,32.3711,2.54957
1500,0.725,32.3986,2.54946
1500,0.75,32.427,2.54932
1500,0.775,32.4565,2.54915
1500,0.8,32.4869,2.54894
1500,0.825,32.5183,2.54868
1500,0.85,32.5507,2.54837
1500,0.875,32.5841,2.54799
1500,0.9,32.6185,2.54753
1500,0.925,32.6538,2.54697
1500,0.95,32.6902,2.5463
1500,0.975,32.7276,2.5455
1500,1,32.766,2.54454
1500,1.025,32.8054,2.5434
1500,1.05,32.8458,2.54205
1500,1.075,32.8872,2.54046
1500,1.1,32.9297,2.53858
1500,1.125,32.9731,2.53639
1500,1.15,33.0176,2.53382
1500,1.175,33.063,2.53083
1500,1.2,33.1095,2.52737
1500,1.225,33.157,2.52336
1500,1.25,33.2055,2.51876
1500,1.275,33.255,2.51347
1500,1.3,33.3056,2.50743
1500,1.325,33.3571,2.50054
1500,1.35,33.4097,2.49273
1500,1.375,33.4632,2.48389
1500,1.4,33.5178,2.47392
1500,1.425,33.5734,2.46272
1500,1.45,33.63,2.45018
1500,1.475,33.6877,2.43618
1500,1.5,33.7463,2.42061
1500,1.525,33.8059,2.40334
1500,1.55,33.8665,2.38425
1500,1.575,33.9281,2.36321
1500,1.6,33.9907,2.3401
1500,1.625,34.0543,2.31477
1500,1.65,34.1188,2.28711
1500,1.675,34.1843,2.25699
1500,1.7,34.2508,2.22426
1500,1.725,34.3182,2.18881
1500,1.75,34.3866,2.1505
1500,1.775,34.4559,2.1092
1500,1.8,34.5262,2.06478
1500,1.825,34.5974,2.0171
1500,1.85,34.6694,1.96603
1500,1.875,34.7424,1.91141
1500,1.9,34.8163,1.85309
1500,1.925,34.891,1.79089
1500,1.95,34.9667,1.72461
1500,1.975,35.0432,1.65399
1500,2,35.1205,1.57872
1800,0,33.5754,2.54999
1800,0.025,33.5758,2.54999
1800,0.05,33.5773,2.54999
1800,0.075,33.5798,2.54999
1800,0.1,33.5832,2.54999
1800,0.125,33.5876,2.54999
1800,0.15,33.593,2.54999
1800,0.175,33.5994,2.54998
1800,0.2,33.6068,2.54998
1800,0.225,33.6152,2.54997
1800,0.25,33.6245,2.54997
1800,0.275,33.6348,2.54996
1800,0.3,33.6461,2.54995
1800,0.325,33.6584,2.54994
1800,0.35,33.6717,2.54992
1800,0.375,33.6859,2.54991
1800,0.4,33.7012,2.54988
1800,0.425,33.7174,2.54985
1800,0.45,33.7346,2.54982
1800,0.475,33.7528,2.54978
1800,0.5,33.772,2.54972
1800,0.525,33.7922,2.54966
1800,0.55,33.8133,2.54958
1800,0.575,33.8355,2.54949
1800,0.6,33.8586,2.54937
1800,0.625,33.8828,2.54923
1800,0.65,33.9079,2.54906
1800,0.675,33.934,2.54885
1800,0.7,33.9611,2.54861
1800,0.725,33.9892,2.54831
1800,0.75,34.0183,2.54796
1800,0.775,34.0484,2.54755
1800,0.8,34.0795,2.54705
1800,0.825,34.1115,2.54646
1800,0.85,34.1446,2.54577
1800,0.875,34.1787,2.54495
1800,0.9,34.2138,2.544
1800,0.925,34.2499,2.54288
1800,0.95,34.287,2.54158
1800,0.975,34.3251,2.54006
1800,1,34.3642,2.5383
1800,1.025,34.4043,2.53627
1800,1.05,34.4454,2.53393
1800,1.075,34.4876,2.53124
1800,1.1,34.5308,2.52815
1800,1.125,34.5749,2.52463
1800,1.15,34.6202,2.52063
1800,1.175,34.6664,2.51607
1800,1.2,34.7137,2.51092
1800,1.225,34.762,2.5051
1800,1.25,34.8113,2.49855
1800,1.275,34.8617,2.4912
1800,1.3,34.9131,2.48297
1800,1.325,34.9655,2.47379
1800,1.35,35.019,2.46357
1800,1.375,35.0736,2.45223
1800,1.4,35.1292,2.43968
1800,1.425,35.1858,2.42582
1800,1.45,35.2435,2.41056
1800,1.475,35.3023,2.39381
1800,1.5,35.3621,2.37547
1800,1.525,35.423,2.35543
1800,1.55,35.485,2.3336
1800,1.575,35.548,2.30987
1800,1.6,35.6122,2.28413
1800,1.625,35.6773,2.25629
1800,1.65,35.7436,2.22624
1800,1.675,35.811,2.19388
1800,1.7,35.8794,2.1591
1800,1.725,35.9489,2.1218
1800,1.75,36.0195,2.08186
1800,1.775,36.0912,2.03919
1800,1.8,36.164,1.99368
1800,1.825,36.2379,1.94519
1800,1.85,36.3128,1.89362
1800,1.875,36.3889,1.83883
1800,1.9,36.466,1.78067
1800,1.925,36.5443,1.71896
1800,1.95,36.6236,1.65349
1800,1.975,36.704,1.58403
1800,2,36.7856,1.51023
