t,Tair,Tc,Ts,Cc,Cs,Cmax,Cbar,rate,dTmax,Cenv
0,28,28,28,2.55,2.55,2.55,2.55,0.00020243,0,0.01963
10,28.088,28,28.0058,2.55,2.44952,2.55,2.54803,0.000194386,0.088,0.019695
20,28.176,28,28.016,2.55,2.40919,2.55,2.5461,0.000191155,0.176,0.01976
30,28.264,28,28.0291,2.55,2.37876,2.55,2.5442,0.000188715,0.264,0.019825
40,28.352,28,28.0444,2.55,2.35344,2.55,2.54233,0.000186684,0.352,0.01989
50,28.44,28,28.0615,2.55,2.33138,2.55,2.54047,0.000184914,0.44,0.019955
60,28.528,28,28.0803,2.55,2.31164,2.55,2.53863,0.000183329,0.528,0.02002
70,28.6387,28,28.102,2.55,2.29365,2.55,2.5368,0.000181883,0.638665,0.020105
80,28.7493,28,28.1262,2.55,2.27704,2.55,2.53499,0.000180548,0.749327,0.02019
90,28.86,28,28.1523,2.55,2.26157,2.55,2.53319,0.000179304,0.859979,0.020275
100,28.9707,28.0001,28.1801,2.55,2.24705,2.55,2.5314,0.000178135,0.970613,0.02036
110,29.0813,28.0001,28.2094,2.55,2.23333,2.55,2.52963,0.000177031,1.08122,0.020445
120,29.192,28.0002,28.2401,2.55,2.22031,2.55,2.52786,0.000175983,1.19177,0.02053
130,29.274,28.0004,28.2703,2.55,2.20791,2.55,2.52611,0.000174984,1.27359,0.0206083
140,29.356,28.0007,28.3003,2.55,2.19604,2.55,2.52436,0.000174028,1.35532,0.0206867
150,29.438,28.0011,28.3304,2.55,2.18466,2.55,2.52263,0.000173112,1.43694,0.020765
160,29.52,28.0016,28.361,2.55,2.17372,2.55,2.5209,0.00017223,1.5184,0.0208433
170,29.602,28.0023,28.392,2.55,2.16317,2.55,2.51918,0.00017138,1.59969,0.0209217
180,29.684,28.0032,28.4235,2.55,2.15298,2.55,2.51747,0.000170558,1.68077,0.021
190,29.7428,28.0044,28.454,2.55,2.14312,2.55,2.51577,0.000169763,1.73844,0.021085
200,29.8017,28.0058,28.4838,2.55,2.13357,2.55,2.51408,0.000168992,1.79584,0.02117
210,29.8605,28.0076,28.5133,2.55,2.1243,2.55,2.51239,0.000168244,1.85294,0.021255
220,29.9193,28.0096,28.5427,2.55,2.11529,2.55,2.51071,0.000167516,1.9097,0.02134
230,29.9782,28.0121,28.5722,2.55,2.10653,2.55,2.50904,0.000166808,1.9661,0.021425
240,30.037,28.0149,28.6017,2.55,2.09799,2.55,2.50738,0.000166118,2.02212,0.02151
250,30.1698,28.0181,28.6361,2.55,2.08967,2.55,2.50572,0.000165447,2.15174,0.0215767
260,30.3027,28.0217,28.6744,2.55,2.08154,2.55,2.50407,0.000164792,2.28093,0.0216433
270,30.4355,28.0258,28.7153,2.55,2.07361,2.55,2.50242,0.000164152,2.40969,0.02171
280,30.5683,28.0303,28.7581,2.55,2.06585,2.55,2.50078,0.000163526,2.53799,0.0217767
290,30.7012,28.0353,28.8027,2.55,2.05827,2.55,2.49915,0.000162914,2.66583,0.0218433
300,30.834,28.0408,28.8487,2.55,2.05084,2.55,2.49753,0.000162314,2.79321,0.02191
310,30.9105,28.0467,28.8927,2.55,2.04356,2.55,2.49591,0.000161727,2.86378,0.02198
320,30.987,28.0531,28.9349,2.55,2.03643,2.55,2.49429,0.000161151,2.93387,0.02205
330,31.0635,28.06,28.9766,2.55,2.02944,2.55,2.49268,0.000160586,3.00348,0.02212
340,31.14,28.0674,29.018,2.55,2.02258,2.55,2.49108,0.000160031,3.07261,0.02219
350,31.2165,28.0753,29.0593,2.55,2.01584,2.55,2.48948,0.000159487,3.14123,0.02226
360,31.293,28.0837,29.1006,2.55,2.00923,2.55,2.48789,0.000158952,3.20935,0.02233
370,31.3808,28.0926,29.1427,2.55,2.00273,2.55,2.4863,0.000158426,3.28827,0.022405
380,31.4687,28.102,29.1855,2.55,1.99634,2.55,2.48472,0.000157908,3.36667,0.02248
390,31.5565,28.112,29.2288,2.55,1.99005,2.55,2.48315,0.0001574,3.44451,0.022555
400,31.6443,28.1225,29.2726,2.55,1.98387,2.55,2.48157,0.000156899,3.5218,0.02263
410,31.7322,28.1336,29.3167,2.55,1.97778,2.55,2.48001,0.000156406,3.59852,0.022705
420,31.82,28.1453,29.3613,2.55,1.97179,2.55,2.47845,0.000155921,3.67466,0.02278
430,31.8702,28.1576,29.4039,2.55,1.96589,2.55,2.47689,0.000155443,3.71256,0.0228583
440,31.9203,28.1705,29.4448,2.55,1.96008,2.55,2.47534,0.000154972,3.74987,0.0229367
450,31.9705,28.1839,29.485,2.55,1.95435,2.55,2.47379,0.000154507,3.78659,0.023015
460,32.0207,28.1979,29.5246,2.55,1.94871,2.55,2.47225,0.000154049,3.82273,0.0230933
470,32.0708,28.2125,29.5637,2.55,1.94314,2.55,2.47071,0.000153598,3.85829,0.0231717
480,32.121,28.2277,29.6026,2.55,1.93765,2.55,2.46917,0.000153152,3.89326,0.02325
490,32.2225,28.2435,29.6445,2.55,1.93224,2.55,2.46765,0.000152712,3.97899,0.0233367
500,32.324,28.2599,29.6888,2.55,1.92689,2.55,2.46612,0.000152277,4.06414,0.0234233
510,32.4255,28.2768,29.7347,2.55,1.92162,2.55,2.4646,0.000151849,4.14871,0.02351
520,32.527,28.2943,29.7817,2.55,1.91641,2.55,2.46308,0.000151425,4.23273,0.0235967
530,32.6285,28.3123,29.8296,2.55,1.91127,2.55,2.46157,0.000151007,4.31618,0.0236833
540,32.73,28.3309,29.8784,2.55,1.90619,2.55,2.46006,0.000150594,4.39909,0.02377
550,32.8087,28.35,29.9265,2.55,1.90118,2.55,2.45856,0.000150186,4.45863,0.023855
560,32.8873,28.3697,29.9742,2.55,1.89622,2.55,2.45706,0.000149782,4.51765,0.02394
570,32.966,28.3898,30.0218,2.55,1.89132,2.55,2.45556,0.000149384,4.57615,0.024025
580,33.0447,28.4105,30.0695,2.55,1.88648,2.55,2.45407,0.00014899,4.63416,0.02411
590,33.1233,28.4317,30.1173,2.55,1.88169,2.55,2.45258,0.0001486,4.69166,0.024195
600,33.202,28.4533,30.1652,2.55,1.87696,2.55,2.4511,0.000148215,4.74868,0.02428
610,33.3148,28.4755,30.2156,2.55,1.87228,2.55,2.44962,0.000147835,4.83937,0.0243417
620,33.4277,28.4981,30.2679,2.55,1.86765,2.55,2.44814,0.00014746,4.92959,0.0244033
630,33.5405,28.5212,30.3215,2.55,1.86307,2.55,2.44667,0.000147089,5.01932,0.024465
640,33.6533,28.5448,30.3762,2.55,1.85854,2.55,2.4452,0.000146721,5.10857,0.0245267
650,33.7662,28.5688,30.4318,2.55,1.85406,2.55,2.44374,0.000146358,5.19734,0.0245883
660,33.879,28.5934,30.4883,2.55,1.84962,2.55,2.44227,0.000145998,5.28563,0.02465
670,33.9438,28.6184,30.5424,2.55,1.84523,2.55,2.44082,0.000145641,5.32544,0.0247183
680,34.0087,28.6439,30.5947,2.55,1.84088,2.55,2.43936,0.000145287,5.36478,0.0247867
690,34.0735,28.6698,30.6463,2.55,1.83657,2.55,2.43791,0.000144938,5.40365,0.024855
700,34.1383,28.6963,30.6973,2.55,1.83231,2.55,2.43646,0.000144591,5.44204,0.0249233
710,34.2032,28.7232,30.7479,2.55,1.82809,2.55,2.43502,0.000144248,5.47996,0.0249917
720,34.268,28.7506,30.7984,2.55,1.82391,2.55,2.43358,0.000143908,5.5174,0.02506
730,34.3577,28.7785,30.85,2.55,1.81977,2.55,2.43214,0.00014357,5.57919,0.0251367
740,34.4473,28.8068,30.903,2.55,1.81566,2.55,2.43071,0.000143236,5.6405,0.0252133
750,34.537,28.8357,30.9565,2.55,1.8116,2.55,2.42928,0.000142905,5.70132,0.02529
760,34.6267,28.865,31.0107,2.55,1.80757,2.55,2.42785,0.000142576,5.76166,0.0253667
770,34.7163,28.8948,31.0653,2.55,1.80358,2.55,2.42642,0.000142251,5.82151,0.0254433
780,34.806,28.9251,31.1203,2.55,1.79962,2.55,2.425,0.000141928,5.88087,0.02552
790,34.862,28.9559,31.1735,2.55,1.7957,2.55,2.42359,0.000141607,5.90609,0.02562
800,34.918,28.9872,31.2254,2.55,1.79182,2.55,2.42217,0.000141288,5.93084,0.02572
810,34.974,29.0189,31.2765,2.55,1.78797,2.55,2.42076,0.000140972,5.95512,0.02582
820,35.03,29.0511,31.3272,2.55,1.78415,2.55,2.41935,0.000140658,5.97894,0.02592
830,35.086,29.0837,31.3774,2.55,1.78036,2.55,2.41795,0.000140347,6.00231,0.02602
840,35.142,29.1168,31.4274,2.55,1.77661,2.55,2.41654,0.000140039,6.02524,0.02612
850,35.2057,29.1503,31.4776,2.55,1.77288,2.55,2.41515,0.000139735,6.05538,0.0262
860,35.2693,29.1842,31.528,2.55,1.76919,2.55,2.41375,0.000139433,6.08509,0.02628
870,35.333,29.2186,31.5786,2.55,1.76553,2.55,2.41236,0.000139133,6.11437,0.02636
880,35.3967,29.2534,31.6291,2.55,1.76189,2.55,2.41097,0.000138836,6.14323,0.02644
890,35.4603,29.2887,31.6797,2.55,1.75829,2.55,2.40958,0.000138542,6.17168,0.02652
900,35.524,29.3243,31.7304,2.55,1.75471,2.55,2.4082,0.000138249,6.19971,0.0266
910,35.6185,29.3603,31.7831,2.55,1.75116,2.55,2.40682,0.000137962,6.25819,0.026645
920,35.713,29.3967,31.8375,2.55,1.74764,2.55,2.40544,0.000137676,6.31628,0.02669
930,35.8075,29.4335,31.8929,2.55,1.74414,2.55,2.40406,0.000137393,6.374,0.026735
940,35.902,29.4707,31.9491,2.55,1.74067,2.55,2.40269,0.000137112,6.43135,0.02678
950,35.9965,29.5081,32.006,2.55,1.73723,2.55,2.40132,0.000136832,6.48835,0.026825
960,36.091,29.546,32.0636,2.55,1.73381,2.55,2.39995,0.000136555,6.54501,0.02687
970,36.1348,29.5842,32.1184,2.55,1.73042,2.55,2.39859,0.000136278,6.55068,0.026945
980,36.1787,29.6226,32.1711,2.55,1.72705,2.55,2.39723,0.000136002,6.55603,0.02702
990,36.2225,29.6614,32.2228,2.55,1.7237,2.55,2.39587,0.000135729,6.56106,0.027095
1000,36.2663,29.7005,32.2736,2.55,1.72038,2.55,2.39451,0.000135457,6.56579,0.02717
1010,36.3102,29.74,32.3238,2.55,1.71709,2.55,2.39316,0.000135188,6.57021,0.027245
1020,36.354,29.7797,32.3735,2.55,1.71382,2.55,2.39181,0.00013492,6.57433,0.02732
1030,36.4728,29.8197,32.4276,2.55,1.71057,2.55,2.39046,0.000134652,6.65316,0.0274217
1040,36.5917,29.86,32.4852,2.55,1.70734,2.55,2.38912,0.000134386,6.73169,0.0275233
1050,36.7105,29.9006,32.5449,2.55,1.70414,2.55,2.38777,0.000134121,6.80992,0.027625
1060,36.8293,29.9415,32.6062,2.55,1.70096,2.55,2.38643,0.000133859,6.88786,0.0277267
1070,36.9482,29.9827,32.6689,2.55,1.6978,2.55,2.3851,0.000133598,6.96551,0.0278283
1080,37.067,30.0241,32.7325,2.55,1.69466,2.55,2.38376,0.000133339,7.04287,0.02793
1090,37.1257,30.0659,32.7935,2.55,1.69155,2.55,2.38243,0.000133085,7.05979,0.027985
1100,37.1843,30.1079,32.8522,2.55,1.68845,2.55,2.3811,0.000132833,7.07644,0.02804
1110,37.243,30.1502,32.9099,2.55,1.68537,2.55,2.37977,0.000132582,7.09283,0.028095
1120,37.3017,30.1927,32.9669,2.55,1.68231,2.55,2.37845,0.000132333,7.10895,0.02815
1130,37.3603,30.2355,33.0233,2.55,1.67928,2.55,2.37713,0.000132086,7.12482,0.028205
1140,37.419,30.2786,33.0795,2.55,1.67626,2.55,2.37581,0.00013184,7.14042,0.02826
1150,37.4962,30.3219,33.1363,2.55,1.67326,2.55,2.37449,0.000131591,7.17426,0.0283683
1160,37.5733,30.3655,33.194,2.55,1.67028,2.55,2.37317,0.000131344,7.20782,0.0284767
1170,37.6505,30.4094,33.252,2.55,1.66732,2.55,2.37186,0.000131099,7.24111,0.028585
1180,37.7277,30.4535,33.3103,2.55,1.66438,2.55,2.37055,0.000130855,7.27412,0.0286933
1190,37.8048,30.498,33.3689,2.55,1.66146,2.55,2.36924,0.000130613,7.30684,0.0288017
1200,37.882,30.5427,33.4276,2.55,1.65856,2.55,2.36794,0.000130372,7.33928,0.02891
1210,37.924,30.5877,33.4843,2.55,1.65567,2.55,2.36664,0.000130137,7.33627,0.02896
1220,37.966,30.633,33.5394,2.55,1.6528,2.55,2.36534,0.000129903,7.33298,0.02901
1230,38.008,30.6786,33.5935,2.55,1.64995,2.55,2.36404,0.000129671,7.32941,0.02906
1240,38.05,30.7244,33.6468,2.55,1.64711,2.55,2.36274,0.00012944,7.32556,0.02911
1250,38.092,30.7706,33.6997,2.55,1.64429,2.55,2.36145,0.00012921,7.32145,0.02916
1260,38.134,30.8169,33.7521,2.55,1.64149,2.55,2.36016,0.000128982,7.31707,0.02921
1270,38.2395,30.8636,33.8081,2.55,1.6387,2.55,2.35887,0.000128754,7.37593,0.0292767
1280,38.345,30.9105,33.867,2.55,1.63593,2.55,2.35758,0.000128527,7.43453,0.0293433
1290,38.4505,30.9576,33.9277,2.55,1.63317,2.55,2.3563,0.000128301,7.49288,0.02941
1300,38.556,31.005,33.9896,2.55,1.63043,2.55,2.35502,0.000128076,7.55098,0.0294767
1310,38.6615,31.0526,34.0526,2.55,1.62771,2.55,2.35374,0.000127853,7.60886,0.0295433
1320,38.767,31.1005,34.1164,2.55,1.625,2.55,2.35246,0.000127631,7.6665,0.02961
1330,38.8267,31.1486,34.1783,2.55,1.62231,2.55,2.35119,0.000127407,7.67809,0.0297233
1340,38.8863,31.1969,34.2384,2.55,1.61963,2.55,2.34991,0.000127184,7.68948,0.0298367
1350,38.946,31.2453,34.2977,2.55,1.61697,2.55,2.34864,0.000126962,7.70067,0.02995
1360,39.0057,31.294,34.3565,2.55,1.61433,2.55,2.34737,0.000126741,7.71166,0.0300633
1370,39.0653,31.3429,34.415,2.55,1.6117,2.55,2.34611,0.000126522,7.72246,0.0301767
1380,39.125,31.3919,34.4731,2.55,1.60909,2.55,2.34484,0.000126304,7.73308,0.03029
1390,39.1805,31.4412,34.5308,2.55,1.60648,2.55,2.34358,0.000126093,7.73934,0.0303267
1400,39.236,31.4906,34.588,2.55,1.60389,2.55,2.34232,0.000125882,7.74541,0.0303633
1410,39.2915,31.5402,34.645,2.55,1.60132,2.55,2.34106,0.000125673,7.75128,0.0304
1420,39.347,31.59,34.7017,2.55,1.59875,2.55,2.33981,0.000125465,7.75696,0.0304367
1430,39.4025,31.6401,34.7582,2.55,1.5962,2.55,2.33855,0.000125258,7.76243,0.0304733
1440,39.458,31.6903,34.8145,2.55,1.59366,2.55,2.3373,0.000125052,7.76771,0.03051
1450,39.4808,31.7407,34.8686,2.55,1.59114,2.55,2.33605,0.000124844,7.74011,0.0305883
1460,39.5037,31.7913,34.9209,2.55,1.58863,2.55,2.33481,0.000124637,7.71232,0.0306667
1470,39.5265,31.8422,34.972,2.55,1.58613,2.55,2.33356,0.000124431,7.68434,0.030745
1480,39.5493,31.8932,35.0221,2.55,1.58365,2.55,2.33232,0.000124226,7.65617,0.0308233
1490,39.5722,31.9444,35.0715,2.55,1.58118,2.55,2.33108,0.000124022,7.62781,0.0309017
1500,39.595,31.9957,35.1205,2.55,1.57872,2.55,2.32984,0.000123819,7.59928,0.03098
1510,39.6727,32.0473,35.172,2.55,1.57628,2.55,2.3286,0.000123619,7.62541,0.031045
1520,39.7503,32.099,35.2259,2.55,1.57384,2.55,2.32736,0.000123419,7.65138,0.03111
1530,39.828,32.1508,35.2811,2.55,1.57142,2.55,2.32613,0.00012322,7.6772,0.031175
1540,39.9057,32.2028,35.3372,2.55,1.56901,2.55,2.3249,0.000123022,7.70288,0.03124
1550,39.9833,32.2549,35.394,2.55,1.56662,2.55,2.32367,0.000122825,7.72842,0.031305
1560,40.061,32.3071,35.4513,2.55,1.56423,2.55,2.32244,0.000122629,7.75385,0.03137
1570,40.0905,32.3595,35.5061,2.55,1.56186,2.55,2.32122,0.000122433,7.73102,0.03144
1580,40.12,32.4119,35.5588,2.55,1.55949,2.55,2.32,0.000122239,7.70809,0.03151
1590,40.1495,32.4644,35.6104,2.55,1.55714,2.55,2.31877,0.000122045,7.68509,0.03158
1600,40.179,32.517,35.6612,2.55,1.5548,2.55,2.31755,0.000121852,7.66202,0.03165
1610,40.2085,32.5696,35.7113,2.55,1.55248,2.55,2.31634,0.00012166,7.6389,0.03172
1620,40.238,32.6223,35.7609,2.55,1.55016,2.55,2.31512,0.000121469,7.61573,0.03179
1630,40.3018,32.675,35.812,2.55,1.54785,2.55,2.31391,0.00012128,7.62684,0.0318567
1640,40.3657,32.7278,35.8646,2.55,1.54556,2.55,2.3127,0.000121091,7.63791,0.0319233
1650,40.4295,32.7806,35.9179,2.55,1.54327,2.55,2.31149,0.000120903,7.64894,0.03199
1660,40.4933,32.8334,35.9716,2.55,1.541,2.55,2.31028,0.000120715,7.65993,0.0320567
1670,40.5572,32.8863,36.0258,2.55,1.53873,2.55,2.30907,0.000120529,7.67087,0.0321233
1680,40.621,32.9392,36.0803,2.55,1.53648,2.55,2.30787,0.000120343,7.68179,0.03219
1690,40.7118,32.9922,36.1367,2.55,1.53424,2.55,2.30666,0.000120158,7.71968,0.0322617
1700,40.8027,33.0451,36.1948,2.55,1.53201,2.55,2.30546,0.000119974,7.75754,0.0323333
1710,40.8935,33.0981,36.254,2.55,1.52979,2.55,2.30426,0.00011979,7.79539,0.032405
1720,40.9843,33.1511,36.314,2.55,1.52757,2.55,2.30307,0.000119608,7.83323,0.0324767
1730,41.0752,33.2041,36.3748,2.55,1.52537,2.55,2.30187,0.000119426,7.87106,0.0325483
1740,41.166,33.2571,36.4362,2.54999,1.52318,2.54999,2.30068,0.000119245,7.90888,0.03262
1750,41.2238,33.3101,36.4961,2.54999,1.521,2.54999,2.29949,0.000119064,7.9137,0.032695
1760,41.2817,33.3632,36.5548,2.54999,1.51883,2.54999,2.2983,0.000118885,7.91851,0.03277
1770,41.3395,33.4162,36.6129,2.54999,1.51666,2.54999,2.29711,0.000118706,7.92332,0.032845
1780,41.3973,33.4692,36.6707,2.54999,1.51451,2.54999,2.29592,0.000118527,7.92811,0.03292
1790,41.4552,33.5223,36.7282,2.54999,1.51237,2.54999,2.29474,0.00011835,7.93289,0.032995
1800,41.513,33.5754,36.7856,2.54999,1.51023,2.54999,2.29356,0.000118173,7.93765,0.03307
