t_s,0.00,0.05,0.10,0.15,0.20,0.25,0.30,0.35,0.40,0.45,0.50,0.55,0.60,0.65,0.70,0.75,0.80,0.85,0.90,0.95,1.00,1.05,1.10,1.15,1.20,1.25,1.30,1.35,1.40,1.45,1.50,1.55,1.60,1.65,1.70,1.75,1.80,1.85,1.90,1.95,2.00
0,28,28,28,28,28,28,28,28,28,28,28,28,28,28,28,28,28,28,28,28,28,28,28,28,28,28,28,28,28,28,28,28,28,28,28,28,28,28,28,28,28
120,28.0001,28.0001,28.0001,28.0001,28.0001,28.0001,28.0001,28.0002,28.0002,28.0003,28.0004,28.0005,28.0006,28.0008,28.001,28.0013,28.0016,28.0021,28.0026,28.0033,28.0041,28.0052,28.0064,28.008,28.0099,28.0121,28.0149,28.0182,28.0222,28.0269,28.0325,28.0392,28.047,28.0561,28.0668,28.0793,28.0937,28.1103,28.1295,28.1514,28.1766
240,28.0063,28.0063,28.0065,28.0068,28.0073,28.0078,28.0086,28.0095,28.0105,28.0118,28.0133,28.0151,28.0172,28.0195,28.0222,28.0254,28.0289,28.033,28.0376,28.0428,28.0487,28.0553,28.0628,28.0712,28.0806,28.091,28.1027,28.1156,28.1299,28.1458,28.1632,28.1824,28.2034,28.2264,28.2515,28.2788,28.3084,28.3406,28.3754,28.413,28.4537
360,28.0422,28.0424,28.043,28.044,28.0455,28.0474,28.0498,28.0527,28.0561,28.06,28.0645,28.0695,28.0753,28.0817,28.0889,28.0969,28.1057,28.1155,28.1263,28.1381,28.1512,28.1655,28.1811,28.1983,28.217,28.2373,28.2595,28.2837,28.3099,28.3383,28.3691,28.4025,28.4384,28.4772,28.519,28.5639,28.6122,28.664,28.7195,28.779,28.8426
480,28.1262,28.1266,28.1278,28.1299,28.1327,28.1364,28.141,28.1465,28.1528,28.1602,28.1685,28.1779,28.1884,28.1999,28.2127,28.2268,28.2422,28.259,28.2772,28.297,28.3184,28.3416,28.3666,28.3935,28.4224,28.4534,28.4866,28.5221,28.5601,28.6006,28.6437,28.6895,28.7383,28.7899,28.8446,28.9025,28.9637,29.0283,29.0965,29.1684,29.2441
600,28.2678,28.2684,28.2703,28.2733,28.2776,28.2832,28.29,28.2982,28.3077,28.3185,28.3307,28.3444,28.3595,28.3762,28.3944,28.4143,28.4359,28.4593,28.4844,28.5115,28.5406,28.5717,28.605,28.6405,28.6784,28.7187,28.7616,28.8071,28.8553,28.9064,28.9606,29.0178,29.0783,29.1423,29.2097,29.2809,29.356,29.4351,29.5185,29.6065,29.6991
720,28.465,28.4658,28.4683,28.4723,28.478,28.4853,28.4943,28.505,28.5174,28.5316,28.5475,28.5653,28.5849,28.6065,28.63,28.6556,28.6832,28.7131,28.7451,28.7795,28.8163,28.8556,28.8974,28.9419,28.9892,29.0393,29.0925,29.1487,29.208,29.2708,29.3369,29.4066,29.4799,29.5571,29.6382,29.7234,29.8128,29.9066,30.0049,30.1079,30.2159
840,28.717,28.718,28.721,28.7261,28.7331,28.7422,28.7534,28.7666,28.782,28.7995,28.8192,28.8411,28.8652,28.8917,28.9205,28.9517,28.9854,29.0217,29.0605,29.1019,29.1462,29.1932,29.2431,29.2959,29.3519,29.4109,29.4732,29.5388,29.6078,29.6803,29.7563,29.8361,29.9197,30.0071,30.0985,30.1941,30.2938,30.3979,30.5066,30.6198,30.7379
960,29.0221,29.0233,29.0268,29.0328,29.0411,29.0518,29.0649,29.0805,29.0985,29.119,29.142,29.1676,29.1957,29.2264,29.2598,29.2959,29.3347,29.3763,29.4208,29.4682,29.5185,29.5718,29.6282,29.6878,29.7506,29.8166,29.886,29.9589,30.0352,30.1152,30.199,30.2865,30.3781,30.4737,30.5736,30.6778,30.7867,30.9003,31.0189,31.1428,31.2722
1080,29.3728,29.3741,29.3781,29.3848,29.3942,29.4062,29.421,29.4385,29.4587,29.4817,29.5075,29.5361,29.5676,29.6019,29.6392,29.6794,29.7226,29.7689,29.8183,29.8708,29.9264,29.9854,30.0476,30.1132,30.1822,30.2547,30.3308,30.4105,30.494,30.5813,30.6726,30.7679,30.8675,30.9715,31.08,31.1932,31.3114,31.4348,31.5637,31.6984,31.8392
1200,29.7629,29.7644,29.7688,29.7761,29.7865,29.7997,29.816,29.8353,29.8576,29.8829,29.9112,29.9427,29.9773,30.0151,30.056,30.1002,30.1476,30.1984,30.2526,30.3101,30.3712,30.4358,30.5039,30.5757,30.6513,30.7306,30.8137,30.9008,30.9919,31.087,31.1864,31.29,31.3979,31.5104,31.6274,31.7491,31.8757,32.0073,32.144,32.2861,32.4339
1320,30.1908,30.1924,30.1972,30.2053,30.2165,30.231,30.2487,30.2697,30.2939,30.3215,30.3523,30.3865,30.424,30.465,30.5093,30.5572,30.6084,30.6633,30.7217,30.7836,30.8493,30.9186,30.9916,31.0684,31.149,31.2336,31.322,31.4145,31.5111,31.6118,31.7168,31.8262,31.94,32.0584,32.1815,32.3096,32.4427,32.5812,32.7251,32.8749,33.0308
1440,30.6527,30.6544,30.6596,30.6682,30.6802,30.6957,30.7146,30.737,30.7629,30.7924,30.8253,30.8618,30.9019,30.9456,30.9929,31.0439,31.0985,31.157,31.2191,31.2851,31.355,31.4287,31.5064,31.588,31.6737,31.7635,31.8574,31.9555,32.0579,32.1646,32.2756,32.391,32.511,32.6355,32.7646,32.8984,33.0371,33.1806,33.3291,33.4828,33.6418
1560,31.1446,31.1465,31.1519,31.161,31.1737,31.1901,31.2102,31.2339,31.2613,31.2924,31.3271,31.3656,31.4079,31.4539,31.5037,31.5572,31.6146,31.6758,31.7408,31.8098,31.8826,31.9593,32.04,32.1247,32.2133,32.3059,32.4026,32.5033,32.6082,32.7172,32.8304,32.9478,33.0696,33.1957,33.3263,33.4615,33.6013,33.746,33.8957,34.0505,34.2107
1680,31.6597,31.6616,31.6672,31.6767,31.6898,31.7068,31.7275,31.752,31.7803,31.8124,31.8484,31.8881,31.9316,31.979,32.0303,32.0854,32.1444,32.2073,32.274,32.3447,32.4194,32.498,32.5805,32.667,32.7576,32.8521,32.9507,33.0534,33.1601,33.271,33.3861,33.5053,33.6288,33.7566,33.8887,34.0254,34.1665,34.3123,34.4629,34.6184,34.779
1800,32.1892,32.1912,32.1969,32.2066,32.22,32.2374,32.2586,32.2836,32.3126,32.3454,32.3821,32.4227,32.4672,32.5157,32.568,32.6244,32.6847,32.7489,32.8172,32.8896,32.9659,33.0464,33.131,33.2197,33.3127,33.4099,33.5113,33.6171,33.7272,33.8417,33.9608,34.0844,34.2125,34.3454,34.4829,34.6253,34.7727,34.925,35.0824,35.245,35.4131
1920,32.7315,32.7335,32.7395,32.7494,32.7632,32.781,32.8028,32.8286,32.8584,32.8922,32.9299,32.9717,33.0176,33.0675,33.1214,33.1795,33.2416,33.3079,33.3783,33.4528,33.5316,33.6145,33.7017,33.7932,33.8889,33.9889,34.0932,34.2019,34.3149,34.4322,34.554,34.68,34.8104,34.9452,35.0842,35.2276,35.3753,35.5272,35.6834,35.8438,36.0085
2040,33.2893,33.2914,33.2974,33.3076,33.3218,33.34,33.3624,33.3887,33.4192,33.4537,33.4923,33.535,33.5817,33.6326,33.6875,33.7465,33.8097,33.8769,33.9483,34.0238,34.1034,34.1871,34.2749,34.3669,34.4631,34.5634,34.6678,34.7765,34.8893,35.0064,35.1276,35.2532,35.383,35.5171,35.6557,35.7986,35.946,36.098,36.2547,36.4161,36.5823
2160,33.8557,33.8578,33.8639,33.8741,33.8884,33.9068,33.9293,33.9559,33.9865,34.0213,34.0601,34.1031,34.1501,34.2013,34.2565,34.3158,34.3793,34.4468,34.5184,34.5941,34.674,34.7579,34.8459,34.938,35.0341,35.1344,35.2387,35.3472,35.4597,35.5762,35.6969,35.8216,35.9504,36.0834,36.2204,36.3616,36.5069,36.6565,36.8103,36.9685,37.1311
2280,34.4244,34.4264,34.4326,34.4428,34.4571,34.4755,34.498,34.5245,34.5552,34.5899,34.6288,34.6717,34.7186,34.7697,34.8249,34.8841,34.9474,35.0148,35.0863,35.1619,35.2416,35.3253,35.4132,35.5052,35.6012,35.7014,35.8057,35.9141,36.0267,36.1433,36.2641,36.3891,36.5182,36.6514,36.7887,36.9302,37.0759,37.2257,37.3798,37.538,37.7005
2400,34.9927,34.9947,35.0008,35.0111,35.0254,35.0438,35.0662,35.0928,35.1234,35.1582,35.197,35.2399,35.2869,35.3379,35.3931,35.4524,35.5157,35.5831,35.6547,35.7303,35.81,35.8939,35.9818,36.0739,36.17,36.2703,36.3748,36.4833,36.5961,36.7129,36.8339,36.9591,37.0884,37.2219,37.3595,37.5012,37.6471,37.7972,37.9514,38.1098,38.2725
2520,35.5613,35.5633,35.5695,35.5797,35.594,35.6124,35.6349,35.6615,35.6922,35.727,35.7658,35.8088,35.8558,35.907,35.9622,36.0215,36.0849,36.1524,36.224,36.2997,36.3795,36.4634,36.5515,36.6436,36.7398,36.8401,36.9446,37.0532,37.1659,37.2828,37.4037,37.5289,37.6581,37.7915,37.929,38.0707,38.2166,38.3666,38.5208,38.6791,38.8417
2640,36.1305,36.1326,36.1387,36.1489,36.1632,36.1816,36.2041,36.2307,36.2614,36.2962,36.335,36.3779,36.4249,36.4759,36.531,36.5902,36.6533,36.7206,36.7918,36.8671,36.9464,37.0296,37.1168,37.208,37.3031,37.4022,37.5052,37.6121,37.7229,37.8377,37.9563,38.079,38.2056,38.3362,38.4709,38.6097,38.7527,38.9,39.0518,39.2081,39.3692
2760,36.6973,36.6993,36.7054,36.7155,36.7297,36.7479,36.7702,36.7966,36.827,36.8614,36.8999,36.9424,36.9889,37.0395,37.094,37.1526,37.2152,37.2819,37.3525,37.4271,37.5056,37.5882,37.6747,37.7651,37.8595,37.9577,38.0599,38.1659,38.2758,38.3895,38.507,38.6282,38.7532,38.8818,39.014,39.1498,39.2891,39.4318,39.578,39.7276,39.8804
2880,37.2588,37.2608,37.2668,37.2768,37.2908,37.3088,37.3308,37.3568,37.3868,37.4208,37.4587,37.5006,37.5465,37.5962,37.6499,37.7075,37.769,37.8343,37.9036,37.9766,38.0534,38.1341,38.2185,38.3066,38.3985,38.4941,38.5933,38.6963,38.8029,38.9132,39.0271,39.1447,39.266,39.391,39.5197,39.6522,39.7885,39.9288,40.073,40.2214,40.3739
3000,37.8103,37.8123,37.8182,37.828,37.8417,37.8593,37.8808,37.9063,37.9356,37.9688,38.0059,38.0469,38.0917,38.1404,38.1928,38.2491,38.3092,38.3731,38.4407,38.512,38.5871,38.6658,38.7481,38.8341,38.9237,39.0168,39.1134,39.2136,39.3171,39.4241,39.5345,39.6482,39.7653,39.8857,40.0093,40.1363,40.2666,40.4002,40.5371,40.6774,40.821
3120,38.349,38.351,38.3567,38.3662,38.3795,38.3967,38.4176,38.4424,38.4709,38.5031,38.5392,38.5789,38.6224,38.6697,38.7206,38.7751,38.8334,38.8952,38.9607,39.0298,39.1024,39.1786,39.2582,39.3414,39.4281,39.5182,39.6117,39.7088,39.8092,39.9131,40.0205,40.1314,40.2458,40.3638,40.4855,40.611,40.7403,40.8736,41.0111,41.1529,41.2991
3240,38.8724,38.8742,38.8798,38.8891,38.9021,38.9188,38.9392,38.9633,38.9911,39.0226,39.0577,39.0966,39.1391,39.1853,39.2351,39.2886,39.3457,39.4064,39.4707,39.5387,39.6102,39.6853,39.7639,39.8462,39.9319,40.0212,40.114,40.2102,40.31,40.4132,40.5198,40.6299,40.7434,40.8602,40.9805,41.1042,41.2312,41.3616,41.4955,41.6327,41.7733
3360,39.3858,39.3876,39.3931,39.4023,39.415,39.4315,39.4516,39.4753,39.5027,39.5337,39.5683,39.6066,39.6484,39.6939,39.7429,39.7955,39.8517,39.9114,39.9747,40.0415,40.1117,40.1855,40.2627,40.3434,40.4274,40.5149,40.6057,40.6998,40.7972,40.8979,41.0018,41.1089,41.2191,41.3323,41.4486,41.5679,41.69,41.815,41.9428,42.0734,42.2066
3480,39.8906,39.8924,39.8978,39.9067,39.9192,39.9353,39.9549,39.9782,40.0049,40.0352,40.069,40.1063,40.1472,40.1915,40.2392,40.2905,40.3451,40.4032,40.4646,40.5294,40.5975,40.6689,40.7436,40.8216,40.9027,40.987,41.0745,41.165,41.2585,41.3551,41.4546,41.557,41.6622,41.7701,41.8808,41.9941,42.1099,42.2281,42.3488,42.4717,42.5969
3600,40.3816,40.3833,40.3885,40.3971,40.4092,40.4247,40.4437,40.466,40.4918,40.521,40.5536,40.5895,40.6288,40.6714,40.7173,40.7664,40.8189,40.8745,40.9333,40.9954,41.0605,41.1287,41.2,41.2744,41.3518,41.4322,41.5155,41.6018,41.691,41.7831,41.8782,41.9763,42.0772,42.1812,42.2882,42.3983,42.5115,42.6279,42.7477,42.8709,42.9976
3720,40.8536,40.8553,40.8603,40.8686,40.8802,40.8951,40.9133,40.9348,40.9596,40.9877,41.0191,41.0537,41.0916,41.1326,41.1769,41.2244,41.2751,41.3289,41.3859,41.446,41.5092,41.5755,41.6448,41.7171,41.7925,41.8708,41.9521,42.0363,42.1234,42.2134,42.3062,42.4019,42.5004,42.6016,42.7057,42.8125,42.9222,43.0345,43.1497,43.2676,43.3884
3840,41.3103,41.3119,41.3167,41.3248,41.3361,41.3505,41.3682,41.3891,41.4132,41.4405,41.4709,41.5045,41.5413,41.5812,41.6242,41.6703,41.7195,41.7718,41.8272,41.8856,41.947,42.0114,42.0788,42.1492,42.2225,42.2988,42.3779,42.4599,42.5448,42.6324,42.7229,42.8161,42.9121,43.0108,43.1121,43.216,43.3226,43.4317,43.5433,43.6574,43.7739
3960,41.7544,41.7559,41.7606,41.7685,41.7794,41.7935,41.8107,41.831,41.8544,41.8809,41.9104,41.9431,41.9787,42.0175,42.0592,42.1039,42.1517,42.2023,42.2559,42.3125,42.3719,42.4341,42.4992,42.5671,42.6377,42.7111,42.7872,42.866,42.9474,43.0314,43.1179,43.207,43.2987,43.3928,43.4893,43.5883,43.6897,43.7935,43.8996,44.0081,44.119
4080,42.1848,42.1863,42.1908,42.1984,42.2089,42.2225,42.2391,42.2586,42.2811,42.3066,42.3351,42.3665,42.4008,42.438,42.478,42.521,42.5667,42.6153,42.6666,42.7207,42.7775,42.837,42.8991,42.9638,43.031,43.1007,43.1729,43.2475,43.3245,43.4037,43.4852,43.5689,43.6547,43.7426,43.8324,43.9242,44.0178,44.1133,44.2105,44.3094,44.41
4200,42.5975,42.5989,42.6032,42.6104,42.6204,42.6333,42.649,42.6676,42.689,42.7132,42.7402,42.7699,42.8024,42.8377,42.8757,42.9163,42.9597,43.0057,43.0543,43.1054,43.1592,43.2155,43.2743,43.3356,43.3994,43.4656,43.5342,43.6051,43.6784,43.7541,43.8319,43.9121,43.9944,44.0789,44.1655,44.2542,44.3449,44.4377,44.5323,44.6288,44.7271
4320,42.9896,42.991,42.9951,43.0019,43.0114,43.0237,43.0387,43.0563,43.0767,43.0998,43.1255,43.1538,43.1849,43.2185,43.2547,43.2935,43.3349,43.3788,43.4253,43.4742,43.5257,43.5796,43.6359,43.6947,43.7559,43.8194,43.8854,43.9537,44.0244,44.0975,44.173,44.2508,44.331,44.4137,44.4989,44.5865,44.6767,44.7695,44.865,44.9632,45.0642
4440,43.3651,43.3664,43.3703,43.3769,43.3861,43.3979,43.4124,43.4294,43.4491,43.4713,43.4961,43.5235,43.5535,43.586,43.621,43.6585,43.6985,43.741,43.7859,43.8332,43.883,43.935,43.9894,44.046,44.1049,44.166,44.2292,44.2945,44.3619,44.4312,44.5024,44.5756,44.6505,44.7272,44.8056,44.8856,44.9672,45.0504,45.135,45.221,45.3085
4560,43.727,43.7282,43.732,43.7383,43.747,43.7583,43.7721,43.7883,43.807,43.8281,43.8517,43.8777,43.9062,43.937,43.9701,44.0056,44.0435,44.0836,44.126,44.1706,44.2174,44.2665,44.3177,44.371,44.4265,44.484,44.5436,44.6053,44.6689,44.7345,44.8021,44.8716,44.9431,45.0164,45.0916,45.1687,45.2476,45.3284,45.411,45.4954,45.5816
4680,44.0706,44.0718,44.0753,44.0813,44.0896,44.1003,44.1134,44.1288,44.1465,44.1667,44.1891,44.2138,44.2409,44.2702,44.3019,44.3358,44.3719,44.4103,44.4509,44.4937,44.5387,44.5859,44.6352,44.6867,44.7403,44.796,44.8538,44.9137,44.9757,45.0397,45.1058,45.1738,45.2438,45.3158,45.3898,45.4656,45.5433,45.6228,45.7041,45.7872,45.872
4800,44.3999,44.401,44.4045,44.4102,44.4182,44.4286,44.4412,44.4561,44.4733,44.4927,44.5144,44.5383,44.5645,44.5929,44.6235,44.6564,44.6914,44.7286,44.768,44.8095,44.8531,44.8989,44.9468,44.9967,45.0487,45.1028,45.1589,45.217,45.2771,45.3392,45.4032,45.4691,45.5368,45.6065,45.6779,45.7511,45.8261,45.9027,45.9811,46.061,46.1425
4920,44.7191,44.7202,44.7236,44.7291,44.7369,44.7469,44.7591,44.7735,44.7901,44.8089,44.8298,44.8529,44.8782,44.9056,44.9351,44.9667,45.0004,45.0362,45.074,45.1138,45.1555,45.1993,45.245,45.2926,45.3421,45.3934,45.4466,45.5016,45.5584,45.6169,45.6773,45.7394,45.8033,45.8689,45.9364,46.0056,46.0768,46.1498,46.2248,46.3018,46.3809
5040,45.0263,45.0274,45.0305,45.0359,45.0433,45.0528,45.0644,45.0782,45.094,45.1119,45.1319,45.1539,45.178,45.2041,45.2321,45.2622,45.2942,45.3282,45.364,45.4017,45.4413,45.4826,45.5257,45.5706,45.6171,45.6652,45.7149,45.7662,45.8189,45.873,45.9285,45.9854,46.0434,46.1027,46.1631,46.2246,46.2872,46.3507,46.4152,46.4806,46.5469
5160,45.3175,45.3185,45.3215,45.3264,45.3333,45.3422,45.3531,45.3659,45.3806,45.3973,45.4158,45.4363,45.4586,45.4827,45.5087,45.5365,45.5661,45.5974,45.6304,45.6652,45.7016,45.7397,45.7794,45.8208,45.8637,45.9082,45.9542,46.0018,46.051,46.1017,46.1541,46.208,46.2635,46.3208,46.3797,46.4405,46.5031,46.5677,46.6344,46.7033,46.7745
5280,45.5886,45.5895,45.5923,45.5969,45.6034,45.6118,45.622,45.634,45.6479,45.6636,45.6811,45.7004,45.7216,45.7445,45.7692,45.7956,45.8238,45.8538,45.8854,45.9188,45.9539,45.9906,46.0289,46.0689,46.1105,46.1536,46.1983,46.2444,46.292,46.3411,46.3915,46.4432,46.4962,46.5504,46.6058,46.6622,46.7197,46.7782,46.8375,46.8976,46.9584
5400,45.8468,45.8476,45.8503,45.8547,45.8609,45.8689,45.8786,45.89,45.9032,45.9182,45.9348,45.9532,45.9732,45.995,46.0184,46.0434,46.0701,46.0985,46.1284,46.1599,46.193,46.2276,46.2637,46.3014,46.3405,46.3811,46.4232,46.4666,46.5114,46.5576,46.6051,46.6538,46.7038,46.7549,46.8072,46.8604,46.9147,46.9699,47.0259,47.0827,47.1401
5520,46.0918,46.0926,46.0951,46.0993,46.1052,46.1127,46.1219,46.1327,46.1452,46.1593,46.175,46.1924,46.2113,46.2319,46.2541,46.2778,46.3031,46.3299,46.3583,46.3882,46.4196,46.4525,46.487,46.5229,46.5602,46.5991,46.6393,46.681,46.7242,46.7687,46.8146,46.8618,46.9104,46.9602,47.0113,47.0636,47.1171,47.1716,47.2272,47.2838,47.3413
5640,46.3248,46.3256,46.328,46.332,46.3376,46.3448,46.3536,46.3639,46.3759,46.3894,46.4044,46.421,46.4392,46.4588,46.48,46.5027,46.5268,46.5525,46.5796,46.6081,46.638,46.6693,46.702,46.736,46.7714,46.808,46.8459,46.8851,46.9254,46.967,47.0097,47.0535,47.0985,47.1445,47.1915,47.2395,47.2885,47.3384,47.3893,47.441,47.4936
5760,46.5471,46.5479,46.5501,46.5539,46.5592,46.566,46.5743,46.584,46.5953,46.608,46.6223,46.6379,46.655,46.6736,46.6936,46.715,46.7378,46.762,46.7876,46.8145,46.8428,46.8725,46.9034,46.9357,46.9693,47.0041,47.0402,47.0776,47.1161,47.1559,47.1968,47.2389,47.2821,47.3263,47.3716,47.4179,47.465,47.513,47.5618,47.6114,47.6615
5880,46.7577,46.7585,46.7606,46.7642,46.7692,46.7756,46.7835,46.7927,46.8034,46.8154,46.8289,46.8437,46.8599,46.8774,46.8962,46.9164,46.9378,46.9605,46.9845,47.0097,47.0361,47.0637,47.0924,47.1222,47.1531,47.1851,47.2181,47.2521,47.2871,47.323,47.3598,47.3974,47.436,47.4753,47.5155,47.5564,47.5981,47.6406,47.6838,47.7278,47.7726
6000,46.9554,46.956,46.958,46.9613,46.966,46.9719,46.9792,46.9878,46.9977,47.0088,47.0213,47.035,47.0501,47.0664,47.0839,47.1028,47.1228,47.1442,47.1667,47.1906,47.2156,47.242,47.2696,47.2984,47.3285,47.3599,47.3926,47.4266,47.4619,47.4985,47.5365,47.5758,47.6164,47.6583,47.7017,47.7463,47.7922,47.8395,47.888,47.9377,47.9887
6120,47.1429,47.1436,47.1455,47.1488,47.1533,47.1591,47.1663,47.1747,47.1844,47.1954,47.2077,47.2213,47.2361,47.2522,47.2696,47.2882,47.3081,47.3292,47.3516,47.3752,47.4,47.4259,47.4531,47.4814,47.5108,47.5413,47.5728,47.6054,47.639,47.6735,47.7089,47.7451,47.7821,47.8198,47.8582,47.8971,47.9364,47.9761,48.0161,48.0563,48.0965
6240,47.3268,47.3274,47.3292,47.3324,47.3367,47.3423,47.3491,47.3571,47.3664,47.3769,47.3886,47.4015,47.4156,47.4308,47.4473,47.4649,47.4836,47.5035,47.5246,47.5468,47.5701,47.5945,47.6201,47.6468,47.6746,47.7034,47.7334,47.7645,47.7967,47.8299,47.8643,47.8997,47.9361,47.9736,48.012,48.0515,48.0918,48.1331,48.1752,48.218,48.2617
6360,47.5019,47.5025,47.5043,47.5073,47.5114,47.5168,47.5233,47.531,47.5399,47.55,47.5612,47.5736,47.5871,47.6018,47.6176,47.6345,47.6525,47.6717,47.6919,47.7132,47.7356,47.759,47.7834,47.8088,47.8353,47.8626,47.8909,47.9201,47.9502,47.9811,48.0129,48.0454,48.0786,48.1125,48.147,48.182,48.2176,48.2537,48.2901,48.3269,48.3639
6480,47.6694,47.6699,47.6716,47.6744,47.6783,47.6833,47.6895,47.6967,47.705,47.7144,47.7248,47.7363,47.7489,47.7625,47.7771,47.7927,47.8093,47.8268,47.8453,47.8647,47.885,47.9061,47.9281,47.9509,47.9745,47.9988,48.0238,48.0495,48.0758,48.1028,48.1303,48.1583,48.1868,48.2158,48.2452,48.2749,48.305,48.3353,48.3659,48.3967,48.4277
6600,47.8232,47.8237,47.8252,47.8277,47.8312,47.8357,47.8412,47.8477,47.8552,47.8636,47.873,47.8834,47.8947,47.907,47.9202,47.9343,47.9493,47.9653,47.9821,47.9999,48.0186,48.0382,48.0586,48.08,48.1022,48.1254,48.1494,48.1743,48.2001,48.2267,48.2542,48.2825,48.3116,48.3414,48.3719,48.4031,48.4348,48.467,48.4995,48.5324,48.5655
6720,47.9645,47.965,47.9664,47.9688,47.9721,47.9764,47.9816,47.9877,47.9947,48.0027,48.0116,48.0214,48.0321,48.0437,48.0562,48.0695,48.0837,48.0987,48.1145,48.1311,48.1485,48.1667,48.1856,48.2052,48.2256,48.2465,48.2682,48.2905,48.3133,48.3368,48.3608,48.3854,48.4105,48.4362,48.4623,48.489,48.5162,48.544,48.5723,48.6011,48.6305
6840,48.0967,48.0971,48.0984,48.1006,48.1036,48.1075,48.1123,48.1179,48.1244,48.1317,48.1398,48.1488,48.1586,48.1692,48.1807,48.1929,48.2059,48.2198,48.2344,48.2497,48.2659,48.2827,48.3004,48.3187,48.3378,48.3576,48.3781,48.3992,48.421,48.4434,48.4665,48.4901,48.5142,48.5388,48.5638,48.5891,48.6148,48.6407,48.6667,48.6927,48.7187
6960,48.219,48.2194,48.2206,48.2227,48.2255,48.2291,48.2336,48.2388,48.2449,48.2517,48.2594,48.2678,48.277,48.287,48.2978,48.3093,48.3216,48.3347,48.3485,48.3631,48.3785,48.3946,48.4115,48.4292,48.4477,48.467,48.4871,48.5079,48.5296,48.5521,48.5754,48.5995,48.6245,48.6502,48.6768,48.7041,48.7322,48.761,48.7906,48.8208,48.8517
7080,48.3358,48.3362,48.3374,48.3393,48.3421,48.3457,48.3501,48.3552,48.3612,48.3679,48.3754,48.3838,48.3928,48.4027,48.4134,48.4248,48.437,48.4499,48.4636,48.4781,48.4933,48.5092,48.5259,48.5433,48.5613,48.5801,48.5995,48.6196,48.6403,48.6615,48.6834,48.7057,48.7286,48.7519,48.7756,48.7996,48.824,48.8486,48.8733,48.8982,48.923
7200,48.4503,48.4506,48.4518,48.4537,48.4563,48.4598,48.4639,48.4689,48.4745,48.4809,48.4881,48.4959,48.5045,48.5139,48.5239,48.5346,48.546,48.5581,48.5709,48.5844,48.5985,48.6132,48.6286,48.6446,48.6612,48.6785,48.6963,48.7148,48.7338,48.7534,48.7736,48.7943,48.8155,48.8373,48.8596,48.8824,48.9057,48.9294,48.9536,48.9783,49.0034
7320,48.5581,48.5584,48.5595,48.5613,48.5638,48.567,48.5709,48.5755,48.5808,48.5867,48.5934,48.6008,48.6088,48.6176,48.627,48.637,48.6477,48.6591,48.6711,48.6837,48.6969,48.7107,48.7251,48.7401,48.7556,48.7717,48.7883,48.8053,48.8228,48.8407,48.8589,48.8775,48.8962,48.9152,48.9342,48.9533,48.9722,48.991,49.0094,49.0275,49.0449
7440,48.6585,48.6589,48.6598,48.6615,48.6637,48.6666,48.6702,48.6743,48.6791,48.6845,48.6906,48.6972,48.7044,48.7122,48.7206,48.7295,48.739,48.749,48.7596,48.7706,48.7822,48.7943,48.8068,48.8198,48.8332,48.847,48.8613,48.8759,48.8909,48.9062,48.9219,48.9378,48.9539,48.9703,48.9868,49.0033,49.0199,49.0364,49.0529,49.0691,49.0851
7560,48.7479,48.7482,48.7491,48.7505,48.7525,48.755,48.7581,48.7618,48.766,48.7708,48.7761,48.7819,48.7882,48.7951,48.8025,48.8104,48.8188,48.8277,48.8371,48.847,48.8573,48.8681,48.8794,48.8912,48.9035,48.9161,48.9293,48.9429,48.957,48.9715,48.9865,49.0018,49.0177,49.0339,49.0505,49.0674,49.0847,49.1023,49.1202,49.1382,49.1565
7680,48.828,48.8283,48.8291,48.8304,48.8322,48.8345,48.8374,48.8408,48.8447,48.8491,48.8539,48.8593,48.8652,48.8716,48.8784,48.8857,48.8935,48.9017,48.9104,48.9194,48.9289,48.9389,48.9491,48.9598,48.9708,48.9822,48.9939,49.0059,49.0182,49.0308,49.0437,49.0567,49.07,49.0835,49.0972,49.1111,49.1251,49.1392,49.1535,49.1679,49.1825
7800,48.9014,48.9016,48.9023,48.9035,48.9051,48.9072,48.9098,48.9128,48.9163,48.9203,48.9247,48.9295,48.9348,48.9406,48.9468,48.9534,48.9605,48.968,48.9759,48.9843,48.9931,49.0024,49.0121,49.0222,49.0328,49.0438,49.0552,49.067,49.0793,49.092,49.105,49.1184,49.1321,49.1461,49.1603,49.1748,49.1893,49.2039,49.2184,49.2328,49.247
7920,48.9692,48.9694,48.9701,48.9712,48.9728,48.9748,48.9772,48.9802,48.9835,48.9873,48.9916,48.9963,49.0015,49.0071,49.0131,49.0197,49.0266,49.0341,49.042,49.0504,49.0593,49.0686,49.0785,49.0889,49.0998,49.1112,49.1232,49.1357,49.1488,49.1624,49.1766,49.1913,49.2065,49.2222,49.2383,49.2549,49.2718,49.289,49.3065,49.3241,49.3417
8040,49.0368,49.037,49.0377,49.0388,49.0405,49.0425,49.0451,49.0481,49.0515,49.0554,49.0598,49.0646,49.0699,49.0756,49.0817,49.0883,49.0954,49.1028,49.1107,49.119,49.1277,49.1367,49.1462,49.156,49.1663,49.1768,49.1877,49.199,49.2106,49.2225,49.2348,49.2474,49.2604,49.2737,49.2874,49.3015,49.316,49.331,49.3465,49.3625,49.3791
8160,49.1037,49.1039,49.1045,49.1056,49.1071,49.1091,49.1114,49.1142,49.1175,49.1211,49.1251,49.1296,49.1345,49.1397,49.1453,49.1513,49.1577,49.1645,49.1715,49.179,49.1867,49.1947,49.2031,49.2118,49.2207,49.2299,49.2395,49.2493,49.2595,49.27,49.2809,49.2923,49.3041,49.3165,49.3297,49.3436,49.3584,49.3743,49.3915,49.4101,49.4304
8280,49.165,49.1652,49.1658,49.1669,49.1683,49.1701,49.1723,49.1749,49.1779,49.1813,49.1851,49.1893,49.1939,49.199,49.2044,49.2102,49.2164,49.223,49.23,49.2374,49.2452,49.2533,49.2619,49.2708,49.2801,49.2898,49.2999,49.3103,49.3211,49.3323,49.3438,49.3558,49.3682,49.381,49.3942,49.408,49.4222,49.437,49.4524,49.4685,49.4853
8400,49.2248,49.225,49.2256,49.2266,49.228,49.2298,49.2319,49.2345,49.2374,49.2408,49.2445,49.2486,49.253,49.2579,49.2631,49.2686,49.2745,49.2807,49.2872,49.294,49.3011,49.3085,49.3162,49.324,49.3321,49.3404,49.3489,49.3576,49.3664,49.3754,49.3846,49.3939,49.4034,49.413,49.423,49.4331,49.4436,49.4545,49.4658,49.4776,49.4901
8520,49.2805,49.2807,49.2812,49.2821,49.2833,49.2849,49.2868,49.289,49.2916,49.2945,49.2978,49.3014,49.3053,49.3095,49.3141,49.3189,49.3241,49.3296,49.3354,49.3415,49.348,49.3547,49.3618,49.3692,49.3768,49.3849,49.3932,49.402,49.4111,49.4206,49.4305,49.4409,49.4518,49.4632,49.4753,49.4879,49.5013,49.5155,49.5306,49.5466,49.5637
8640,49.3314,49.3316,49.3321,49.333,49.3342,49.3357,49.3376,49.3398,49.3424,49.3453,49.3486,49.3522,49.3561,49.3604,49.3651,49.3701,49.3754,49.3811,49.3871,49.3935,49.4001,49.4071,49.4145,49.4221,49.43,49.4383,49.4467,49.4555,49.4645,49.4737,49.4832,49.4928,49.5025,49.5125,49.5225,49.5326,49.5428,49.5531,49.5633,49.5736,49.5838
8760,49.3824,49.3826,49.3831,49.3839,49.385,49.3865,49.3883,49.3904,49.3928,49.3956,49.3986,49.4019,49.4056,49.4095,49.4137,49.4182,49.4229,49.4279,49.4332,49.4386,49.4443,49.4503,49.4564,49.4626,49.4691,49.4757,49.4825,49.4894,49.4964,49.5035,49.5107,49.5179,49.5253,49.5328,49.5403,49.5479,49.5555,49.5633,49.5711,49.5791,49.5872
8880,49.4277,49.4278,49.4282,49.4289,49.4299,49.4311,49.4326,49.4344,49.4364,49.4387,49.4412,49.444,49.4471,49.4504,49.454,49.4578,49.4618,49.4661,49.4706,49.4754,49.4803,49.4855,49.491,49.4966,49.5025,49.5086,49.515,49.5215,49.5283,49.5353,49.5425,49.5499,49.5575,49.5653,49.5733,49.5815,49.5899,49.5983,49.6069,49.6156,49.6244
9000,49.467,49.4671,49.4675,49.4681,49.469,49.4701,49.4714,49.473,49.4749,49.4769,49.4792,49.4818,49.4845,49.4875,49.4906,49.494,49.4976,49.5013,49.5053,49.5094,49.5137,49.5181,49.5227,49.5274,49.5323,49.5373,49.5425,49.5479,49.5535,49.5593,49.5653,49.5717,49.5786,49.5858,49.5937,49.6023,49.6117,49.622,49.6336,49.6464,49.6608
9120,49.5022,49.5023,49.5026,49.5032,49.504,49.5051,49.5064,49.5079,49.5097,49.5117,49.514,49.5165,49.5193,49.5224,49.5257,49.5293,49.5332,49.5374,49.5419,49.5467,49.5518,49.5572,49.563,49.5691,49.5755,49.5822,49.5892,49.5965,49.604,49.6118,49.6197,49.6278,49.6359,49.644,49.652,49.6597,49.6671,49.674,49.6803,49.6858,49.6903
9240,49.5399,49.5401,49.5404,49.5411,49.5419,49.5431,49.5444,49.546,49.5479,49.55,49.5524,49.5549,49.5577,49.5608,49.5641,49.5675,49.5713,49.5752,49.5793,49.5837,49.5882,49.5929,49.5979,49.603,49.6083,49.6137,49.6193,49.625,49.6309,49.6368,49.6428,49.6488,49.6548,49.6608,49.6667,49.6724,49.6779,49.683,49.6878,49.6921,49.6958
9360,49.5756,49.5757,49.576,49.5766,49.5773,49.5783,49.5795,49.5809,49.5825,49.5843,49.5863,49.5885,49.5909,49.5935,49.5964,49.5994,49.6026,49.606,49.6096,49.6133,49.6173,49.6215,49.6259,49.6305,49.6353,49.6403,49.6455,49.6508,49.6564,49.6622,49.6681,49.6742,49.6803,49.6866,49.6929,49.6992,49.7054,49.7116,49.7175,49.7231,49.7283
9480,49.6071,49.6072,49.6075,49.608,49.6087,49.6096,49.6107,49.612,49.6135,49.6152,49.6171,49.6192,49.6215,49.6239,49.6266,49.6295,49.6326,49.6358,49.6393,49.643,49.6469,49.651,49.6553,49.6598,49.6646,49.6696,49.6749,49.6804,49.6862,49.6923,49.6987,49.7054,49.7124,49.7197,49.7274,49.7354,49.7438,49.7526,49.7618,49.7713,49.7813
9600,49.638,49.6381,49.6384,49.6389,49.6396,49.6406,49.6418,49.6431,49.6447,49.6465,49.6486,49.6508,49.6533,49.656,49.6589,49.662,49.6654,49.669,49.6728,49.6769,49.6812,49.6857,49.6904,49.6953,49.7004,49.7058,49.7112,49.7169,49.7226,49.7284,49.7342,49.74,49.7457,49.7512,49.7565,49.7615,49.766,49.7699,49.7731,49.7755,49.7769
9720,49.6702,49.6703,49.6706,49.6711,49.6718,49.6727,49.6738,49.6751,49.6766,49.6782,49.6801,49.6822,49.6844,49.6868,49.6894,49.6922,49.6952,49.6984,49.7017,49.7052,49.709,49.7129,49.717,49.7213,49.7258,49.7305,49.7353,49.7404,49.7456,49.751,49.7564,49.762,49.7675,49.7731,49.7785,49.7837,49.7887,49.7932,49.7972,49.8005,49.8029
9840,49.6994,49.6995,49.6997,49.7002,49.7008,49.7015,49.7025,49.7036,49.7049,49.7063,49.7079,49.7096,49.7115,49.7135,49.7156,49.7178,49.7202,49.7226,49.7251,49.7276,49.7303,49.7329,49.7356,49.7384,49.7411,49.7439,49.7466,49.7494,49.7522,49.755,49.7579,49.7609,49.764,49.7673,49.7707,49.7745,49.7786,49.7831,49.7882,49.794,49.8005
9960,49.7219,49.722,49.7222,49.7225,49.723,49.7235,49.7242,49.7251,49.726,49.7271,49.7283,49.7296,49.7311,49.7327,49.7344,49.7362,49.7381,49.7401,49.7423,49.7446,49.747,49.7495,49.7522,49.755,49.7579,49.761,49.7642,49.7676,49.7712,49.775,49.7791,49.7834,49.788,49.793,49.7984,49.8043,49.8107,49.8177,49.8254,49.8339,49.8433
10080,49.7418,49.7418,49.742,49.7424,49.7429,49.7435,49.7443,49.7452,49.7463,49.7475,49.7489,49.7504,49.7521,49.754,49.7561,49.7583,49.7607,49.7632,49.766,49.769,49.7721,49.7755,49.779,49.7828,49.7867,49.7908,49.7951,49.7996,49.8041,49.8088,49.8136,49.8184,49.8232,49.828,49.8326,49.837,49.8412,49.845,49.8484,49.8512,49.8533
10200,49.7651,49.7652,49.7655,49.7658,49.7664,49.7671,49.7679,49.7689,49.7701,49.7714,49.7728,49.7744,49.7762,49.7781,49.7802,49.7824,49.7848,49.7874,49.7901,49.793,49.796,49.7993,49.8027,49.8062,49.81,49.8139,49.818,49.8222,49.8266,49.8311,49.8356,49.8402,49.8448,49.8494,49.8538,49.8579,49.8617,49.8651,49.8679,49.87,49.8713
10320,49.7887,49.7888,49.789,49.7893,49.7898,49.7905,49.7913,49.7922,49.7933,49.7945,49.7958,49.7972,49.7988,49.8005,49.8023,49.8043,49.8063,49.8084,49.8107,49.813,49.8154,49.8179,49.8204,49.8231,49.8257,49.8284,49.8312,49.834,49.8368,49.8396,49.8423,49.845,49.8477,49.8502,49.8527,49.8549,49.857,49.8588,49.8602,49.8614,49.8621
10440,49.8083,49.8084,49.8085,49.8088,49.8092,49.8097,49.8103,49.811,49.8118,49.8128,49.8138,49.8149,49.8162,49.8176,49.819,49.8206,49.8223,49.8242,49.8261,49.8282,49.8304,49.8328,49.8353,49.8379,49.8407,49.8436,49.8466,49.8498,49.8531,49.8564,49.8598,49.8633,49.8666,49.8699,49.8729,49.8756,49.8779,49.8796,49.8807,49.8808,49.8799
10560,49.8252,49.8252,49.8253,49.8256,49.8259,49.8264,49.8269,49.8275,49.8282,49.829,49.8299,49.8308,49.8318,49.8328,49.8339,49.8351,49.8362,49.8374,49.8386,49.8398,49.841,49.8422,49.8433,49.8444,49.8455,49.8465,49.8474,49.8483,49.8492,49.85,49.8507,49.8515,49.8523,49.8531,49.8541,49.8552,49.8565,49.8581,49.86,49.8624,49.8653
10680,49.8364,49.8365,49.8366,49.8367,49.8369,49.8372,49.8375,49.8379,49.8384,49.8389,49.8395,49.8402,49.8409,49.8418,49.8427,49.8437,49.8449,49.8461,49.8475,49.8491,49.8507,49.8526,49.8547,49.857,49.8595,49.8623,49.8653,49.8687,49.8723,49.8763,49.8807,49.8854,49.8904,49.8959,49.9017,49.9079,49.9144,49.9213,49.9285,49.936,49.9437
10800,49.8495,49.8495,49.8497,49.85,49.8504,49.8509,49.8516,49.8523,49.8532,49.8542,49.8553,49.8566,49.858,49.8596,49.8613,49.8631,49.8651,49.8672,49.8695,49.872,49.8746,49.8774,49.8803,49.8835,49.8868,49.8902,49.8938,49.8976,49.9016,49.9058,49.9101,49.9147,49.9194,49.9244,49.9296,49.935,49.9407,49.9466,49.9529,49.9595,49.9664
10920,49.8696,49.8696,49.8699,49.8702,49.8707,49.8713,49.8721,49.8731,49.8741,49.8753,49.8767,49.8782,49.8799,49.8817,49.8836,49.8858,49.888,49.8905,49.8931,49.8958,49.8987,49.9018,49.9049,49.9083,49.9118,49.9154,49.9191,49.9229,49.9268,49.9308,49.9348,49.9388,49.9428,49.9467,49.9505,49.9541,49.9574,49.9605,49.9631,49.9653,49.967
11040,49.8917,49.8918,49.8919,49.8923,49.8927,49.8933,49.894,49.8948,49.8958,49.8968,49.898,49.8993,49.9007,49.9021,49.9037,49.9053,49.907,49.9087,49.9105,49.9123,49.9142,49.916,49.9179,49.9198,49.9217,49.9236,49.9255,49.9273,49.9292,49.9311,49.933,49.935,49.937,49.9392,49.9416,49.9442,49.9471,49.9503,49.9541,49.9584,49.9633
11160,49.9082,49.9083,49.9084,49.9087,49.909,49.9094,49.9099,49.9105,49.9112,49.9119,49.9128,49.9137,49.9148,49.9159,49.9171,49.9184,49.9197,49.9212,49.9227,49.9244,49.9261,49.9278,49.9297,49.9316,49.9335,49.9356,49.9376,49.9397,49.9418,49.9439,49.9459,49.9479,49.9498,49.9516,49.9533,49.9547,49.9559,49.9568,49.9573,49.9574,49.9571
11280,49.9214,49.9214,49.9215,49.9217,49.922,49.9223,49.9226,49.923,49.9235,49.9241,49.9246,49.9253,49.9259,49.9266,49.9273,49.928,49.9288,49.9295,49.9302,49.9309,49.9315,49.9321,49.9327,49.9332,49.9336,49.934,49.9344,49.9347,49.935,49.9352,49.9356,49.9359,49.9364,49.9371,49.938,49.9393,49.941,49.9433,49.9462,49.95,49.9547
11400,49.9286,49.9286,49.9286,49.9287,49.9289,49.929,49.9292,49.9294,49.9297,49.9299,49.9303,49.9306,49.931,49.9314,49.9318,49.9323,49.9328,49.9333,49.9338,49.9344,49.935,49.9356,49.9362,49.9368,49.9375,49.9382,49.939,49.9398,49.9407,49.9417,49.9429,49.9443,49.9459,49.9478,49.9501,49.9529,49.9562,49.9602,49.9651,49.9709,49.9779
11520,49.934,49.9341,49.9341,49.9342,49.9344,49.9346,49.9348,49.9351,49.9354,49.9358,49.9362,49.9367,49.9372,49.9377,49.9383,49.939,49.9396,49.9404,49.9411,49.9418,49.9426,49.9433,49.9441,49.9448,49.9454,49.946,49.9465,49.9469,49.9472,49.9472,49.9471,49.9468,49.9462,49.9454,49.9442,49.9427,49.9409,49.9387,49.9361,49.933,49.9295
11640,49.9394,49.9395,49.9395,49.9395,49.9396,49.9397,49.9398,49.9399,49.94,49.9402,49.9403,49.9405,49.9407,49.9409,49.9411,49.9413,49.9416,49.9419,49.9422,49.9426,49.943,49.9434,49.9439,49.9445,49.9451,49.9458,49.9466,49.9474,49.9482,49.9491,49.95,49.9508,49.9516,49.9522,49.9526,49.9527,49.9524,49.9516,49.9502,49.9479,49.9447
11760,49.9422,49.9422,49.9423,49.9423,49.9423,49.9424,49.9424,49.9425,49.9426,49.9427,49.9427,49.9428,49.9429,49.9429,49.9429,49.943,49.943,49.9429,49.9429,49.9427,49.9426,49.9424,49.9422,49.9419,49.9416,49.9412,49.9408,49.9404,49.94,49.9396,49.9392,49.9389,49.9387,49.9386,49.9388,49.9392,49.9399,49.9411,49.9427,49.9448,49.9477
11880,49.9425,49.9425,49.9425,49.9425,49.9425,49.9425,49.9426,49.9426,49.9427,49.9427,49.9428,49.943,49.9431,49.9433,49.9435,49.9438,49.9441,49.9445,49.945,49.9455,49.9462,49.9469,49.9477,49.9486,49.9497,49.9508,49.952,49.9534,49.9547,49.9562,49.9576,49.959,49.9603,49.9614,49.9623,49.9629,49.9631,49.9627,49.9616,49.9598,49.957
12000,49.9458,49.9458,49.9458,49.9459,49.946,49.9461,49.9462,49.9464,49.9465,49.9467,49.9469,49.9471,49.9473,49.9476,49.9478,49.948,49.9483,49.9485,49.9487,49.9489,49.9491,49.9493,49.9494,49.9496,49.9497,49.9499,49.9501,49.9503,49.9506,49.9509,49.9514,49.952,49.9528,49.9538,49.9551,49.9568,49.9589,49.9616,49.9648,49.9688,49.9736
12120,49.9487,49.9488,49.9488,49.9489,49.949,49.9491,49.9492,49.9494,49.9497,49.95,49.9503,49.9507,49.9511,49.9516,49.9522,49.9528,49.9536,49.9544,49.9553,49.9564,49.9575,49.9588,49.9603,49.9619,49.9636,49.9655,49.9675,49.9697,49.972,49.9744,49.9769,49.9795,49.9821,49.9848,49.9873,49.9897,49.9919,49.9938,49.9954,49.9964,49.9969
12240,49.9564,49.9565,49.9565,49.9567,49.9569,49.9571,49.9574,49.9578,49.9582,49.9586,49.9591,49.9597,49.9602,49.9608,49.9614,49.962,49.9627,49.9633,49.9639,49.9644,49.9649,49.9654,49.9657,49.966,49.9661,49.9661,49.966,49.9656,49.965,49.9641,49.963,49.9616,49.9599,49.9578,49.9553,49.9524,49.9491,49.9453,49.9411,49.9364,49.9311
12360,49.9609,49.9609,49.9608,49.9608,49.9608,49.9608,49.9607,49.9606,49.9605,49.9604,49.9603,49.9601,49.9599,49.9596,49.9593,49.9589,49.9585,49.958,49.9574,49.9568,49.9561,49.9552,49.9544,49.9534,49.9523,49.9512,49.9499,49.9486,49.9471,49.9456,49.9439,49.9421,49.9402,49.9382,49.9361,49.9338,49.9314,49.9288,49.926,49.9231,49.9199
12480,49.9563,49.9563,49.9562,49.9561,49.956,49.9558,49.9556,49.9553,49.955,49.9547,49.9543,49.9539,49.9535,49.9531,49.9526,49.9521,49.9516,49.9511,49.9505,49.95,49.9495,49.9491,49.9486,49.9482,49.9479,49.9475,49.9473,49.947,49.9469,49.9467,49.9465,49.9463,49.946,49.9457,49.9451,49.9443,49.9432,49.9417,49.9397,49.937,49.9336
12600,49.9515,49.9515,49.9515,49.9514,49.9513,49.9512,49.9511,49.9509,49.9508,49.9506,49.9503,49.9501,49.9499,49.9496,49.9493,49.949,49.9487,49.9484,49.9481,49.9478,49.9475,49.9472,49.947,49.9468,49.9467,49.9466,49.9466,49.9467,49.947,49.9473,49.9479,49.9486,49.9495,49.9507,49.9522,49.954,49.9561,49.9586,49.9615,49.9648,49.9687
12720,49.9495,49.9496,49.9496,49.9496,49.9496,49.9496,49.9497,49.9497,49.9498,49.9499,49.95,49.9502,49.9503,49.9505,49.9508,49.9511,49.9514,49.9517,49.9521,49.9526,49.9531,49.9536,49.9542,49.9549,49.9556,49.9563,49.957,49.9577,49.9584,49.959,49.9596,49.9601,49.9604,49.9606,49.9605,49.9601,49.9594,49.9583,49.9567,49.9544,49.9516
12840,49.9522,49.9522,49.9523,49.9523,49.9524,49.9524,49.9525,49.9526,49.9528,49.9529,49.9531,49.9533,49.9535,49.9537,49.954,49.9543,49.9546,49.9549,49.9553,49.9558,49.9563,49.9569,49.9576,49.9584,49.9593,49.9603,49.9614,49.9627,49.9641,49.9658,49.9676,49.9696,49.9717,49.9741,49.9767,49.9795,49.9825,49.9856,49.989,49.9924,49.996
12960,49.9567,49.9567,49.9568,49.9569,49.957,49.9572,49.9575,49.9578,49.9581,49.9586,49.959,49.9595,49.9601,49.9607,49.9614,49.9622,49.9631,49.964,49.9649,49.966,49.9671,49.9683,49.9695,49.9708,49.9722,49.9735,49.9749,49.9763,49.9776,49.9788,49.98,49.9809,49.9817,49.9821,49.9822,49.9818,49.9808,49.9792,49.9768,49.9736,49.9692
13080,49.9641,49.9642,49.9642,49.9643,49.9644,49.9645,49.9647,49.9648,49.965,49.9652,49.9654,49.9656,49.9658,49.966,49.9662,49.9664,49.9665,49.9665,49.9666,49.9665,49.9664,49.9663,49.9661,49.9658,49.9655,49.9651,49.9647,49.9643,49.964,49.9637,49.9635,49.9635,49.9638,49.9643,49.9654,49.9669,49.9692,49.9723,49.9763,49.9815,49.988
13200,49.966,49.966,49.966,49.966,49.9661,49.9661,49.9662,49.9663,49.9664,49.9665,49.9667,49.9669,49.9671,49.9673,49.9675,49.9678,49.9681,49.9684,49.9688,49.9691,49.9695,49.9699,49.9704,49.9708,49.9712,49.9716,49.972,49.9723,49.9725,49.9727,49.9728,49.9728,49.9727,49.9724,49.9719,49.9713,49.9704,49.9693,49.968,49.9664,49.9645
13320,49.9683,49.9683,49.9683,49.9683,49.9684,49.9684,49.9684,49.9685,49.9685,49.9686,49.9686,49.9687,49.9688,49.9688,49.9689,49.9689,49.969,49.969,49.9691,49.9692,49.9692,49.9693,49.9694,49.9695,49.9696,49.9698,49.97,49.9702,49.9705,49.9709,49.9714,49.972,49.9728,49.9737,49.9747,49.976,49.9776,49.9794,49.9815,49.984,49.9869
13440,49.9696,49.9696,49.9697,49.9697,49.9698,49.9699,49.97,49.9701,49.9703,49.9705,49.9707,49.971,49.9713,49.9717,49.9722,49.9727,49.9732,49.9739,49.9746,49.9754,49.9763,49.9774,49.9785,49.9797,49.9811,49.9825,49.9841,49.9857,49.9874,49.9891,49.9908,49.9925,49.9941,49.9955,49.9967,49.9976,49.998,49.9978,49.997,49.9953,49.9927
13560,49.9754,49.9754,49.9755,49.9756,49.9757,49.9759,49.9762,49.9764,49.9767,49.9771,49.9775,49.9779,49.9784,49.9789,49.9795,49.9801,49.9808,49.9815,49.9823,49.9832,49.984,49.985,49.986,49.987,49.9881,49.9893,49.9904,49.9915,49.9927,49.9937,49.9946,49.9953,49.9958,49.9959,49.9956,49.9948,49.9932,49.9907,49.9873,49.9825,49.9764
13680,49.9815,49.9816,49.9816,49.9816,49.9817,49.9818,49.9819,49.9821,49.9822,49.9823,49.9825,49.9827,49.9828,49.983,49.9831,49.9833,49.9834,49.9836,49.9837,49.9838,49.9839,49.984,49.9841,49.9841,49.9842,49.9843,49.9845,49.9847,49.9849,49.9852,49.9856,49.986,49.9866,49.9873,49.9882,49.9892,49.9905,49.9919,49.9935,49.9954,49.9975
13800,49.9835,49.9835,49.9835,49.9835,49.9836,49.9836,49.9837,49.9837,49.9838,49.9838,49.9839,49.9839,49.984,49.9841,49.9841,49.9841,49.9841,49.9841,49.984,49.9838,49.9837,49.9834,49.983,49.9826,49.982,49.9813,49.9805,49.9795,49.9783,49.9769,49.9753,49.9734,49.9714,49.9691,49.9665,49.9637,49.9606,49.9573,49.9538,49.95,49.946
13920,49.982,49.982,49.982,49.9819,49.9818,49.9816,49.9815,49.9813,49.981,49.9807,49.9804,49.9801,49.9797,49.9792,49.9788,49.9783,49.9777,49.9771,49.9765,49.9759,49.9752,49.9745,49.9739,49.9732,49.9726,49.9721,49.9716,49.9713,49.9711,49.9711,49.9714,49.9719,49.9729,49.9742,49.9761,49.9785,49.9816,49.9855,49.9903,49.996,50.0029
14040,49.9782,49.9782,49.9782,49.9782,49.9782,49.9782,49.9782,49.9783,49.9783,49.9784,49.9785,49.9786,49.9787,49.9789,49.9791,49.9794,49.9798,49.9802,49.9806,49.9812,49.9818,49.9825,49.9833,49.9842,49.9852,49.9863,49.9875,49.9889,49.9904,49.992,49.9939,49.9959,49.9982,50.0008,50.0036,50.0068,50.0103,50.0143,50.0189,50.024,50.0297
14160,49.9825,49.9826,49.9826,49.9828,49.9829,49.9832,49.9835,49.9838,49.9842,49.9847,49.9852,49.9858,49.9865,49.9873,49.9881,49.989,49.99,49.9911,49.9923,49.9936,49.9949,49.9964,49.9979,49.9995,50.0012,50.003,50.0048,50.0067,50.0085,50.0104,50.0123,50.0141,50.0158,50.0174,50.0189,50.0201,50.021,50.0215,50.0217,50.0214,50.0206
14280,49.9924,49.9924,49.9925,49.9926,49.9928,49.9931,49.9934,49.9938,49.9942,49.9947,49.9952,49.9958,49.9964,49.9971,49.9978,49.9986,49.9994,50.0003,50.0012,50.0021,50.0031,50.0041,50.0051,50.0061,50.0071,50.0081,50.0091,50.0099,50.0107,50.0113,50.0118,50.0119,50.0118,50.0113,50.0102,50.0086,50.0063,50.0031,49.9989,49.9935,49.9869
14400,49.9994,49.9994,49.9994,49.9995,49.9995,49.9996,49.9996,49.9997,49.9997,49.9997,49.9998,49.9998,49.9997,49.9997,49.9995,49.9994,49.9991,49.9988,49.9984,49.9979,49.9974,49.9967,49.9959,49.9951,49.9941,49.9931,49.992,49.9909,49.9897,49.9886,49.9876,49.9867,49.9859,49.9855,49.9854,49.9858,49.9868,49.9885,49.9911,49.9947,49.9995
14520,49.9973,49.9973,49.9973,49.9972,49.9972,49.9971,49.997,49.9969,49.9967,49.9966,49.9964,49.9962,49.996,49.9958,49.9956,49.9954,49.9951,49.9949,49.9946,49.9944,49.9942,49.994,49.9937,49.9935,49.9933,49.9931,49.993,49.9928,49.9927,49.9926,49.9925,49.9925,49.9924,49.9924,49.9924,49.9925,49.9926,49.9927,49.9928,49.993,49.9931
14640,49.9952,49.9951,49.9951,49.9951,49.9951,49.9951,49.995,49.995,49.9949,49.9949,49.9948,49.9947,49.9947,49.9946,49.9945,49.9945,49.9944,49.9943,49.9943,49.9942,49.9941,49.9941,49.994,49.994,49.9939,49.9939,49.9939,49.9939,49.9939,49.9939,49.9939,49.994,49.994,49.9941,49.9941,49.9942,49.9943,49.9944,49.9945,49.9946,49.9948
14760,49.9945,49.9945,49.9945,49.9945,49.9945,49.9945,49.9945,49.9945,49.9944,49.9944,49.9944,49.9944,49.9944,49.9944,49.9944,49.9944,49.9944,49.9944,49.9944,49.9944,49.9944,49.9944,49.9944,49.9945,49.9945,49.9945,49.9945,49.9946,49.9946,49.9947,49.9947,49.9948,49.9948,49.9949,49.995,49.9951,49.9952,49.9953,49.9954,49.9955,49.9956
14880,49.9945,49.9945,49.9945,49.9945,49.9945,49.9945,49.9945,49.9945,49.9945,49.9945,49.9945,49.9946,49.9946,49.9946,49.9946,49.9946,49.9946,49.9947,49.9947,49.9947,49.9948,49.9948,49.9948,49.9949,49.9949,49.995,49.995,49.9951,49.9951,49.9952,49.9952,49.9953,49.9954,49.9954,49.9955,49.9956,49.9957,49.9958,49.9959,49.9959,49.996
15000,49.9947,49.9947,49.9947,49.9947,49.9947,49.9947,49.9948,49.9948,49.9948,49.9948,49.9948,49.9948,49.9949,49.9949,49.9949,49.9949,49.995,49.995,49.995,49.9951,49.9951,49.9952,49.9952,49.9952,49.9953,49.9953,49.9954,49.9955,49.9955,49.9956,49.9956,49.9957,49.9958,49.9958,49.9959,49.996,49.9961,49.9961,49.9962,49.9963,49.9964
15120,49.995,49.995,49.9951,49.9951,49.9951,49.9951,49.9951,49.9951,49.9951,49.9951,49.9951,49.9952,49.9952,49.9952,49.9952,49.9953,49.9953,49.9953,49.9954,49.9954,49.9955,49.9955,49.9955,49.9956,49.9956,49.9957,49.9957,49.9958,49.9958,49.9959,49.996,49.996,49.9961,49.9961,49.9962,49.9963,49.9963,49.9964,49.9965,49.9966,49.9966
15240,49.9954,49.9954,49.9954,49.9954,49.9954,49.9954,49.9954,49.9954,49.9954,49.9955,49.9955,49.9955,49.9955,49.9955,49.9956,49.9956,49.9956,49.9957,49.9957,49.9957,49.9958,49.9958,49.9959,49.9959,49.9959,49.996,49.996,49.9961,49.9961,49.9962,49.9962,49.9963,49.9964,49.9964,49.9965,49.9965,49.9966,49.9967,49.9967,49.9968,49.9969
15360,49.9957,49.9957,49.9957,49.9957,49.9957,49.9957,49.9957,49.9957,49.9958,49.9958,49.9958,49.9958,49.9958,49.9959,49.9959,49.9959,49.9959,49.996,49.996,49.996,49.9961,49.9961,49.9961,49.9962,49.9962,49.9963,49.9963,49.9963,49.9964,49.9964,49.9965,49.9965,49.9966,49.9967,49.9967,49.9968,49.9968,49.9969,49.9969,49.997,49.9971
15480,49.996,49.996,49.996,49.996,49.996,49.996,49.996,49.996,49.996,49.9961,49.9961,49.9961,49.9961,49.9961,49.9962,49.9962,49.9962,49.9962,49.9963,49.9963,49.9963,49.9964,49.9964,49.9964,49.9965,49.9965,49.9965,49.9966,49.9966,49.9967,49.9967,49.9968,49.9968,49.9969,49.9969,49.997,49.997,49.9971,49.9971,49.9972,49.9972
15600,49.9963,49.9963,49.9963,49.9963,49.9963,49.9963,49.9963,49.9963,49.9963,49.9963,49.9963,49.9964,49.9964,49.9964,49.9964,49.9964,49.9965,49.9965,49.9965,49.9965,49.9966,49.9966,49.9966,49.9967,49.9967,49.9967,49.9968,49.9968,49.9968,49.9969,49.9969,49.997,49.997,49.9971,49.9971,49.9971,49.9972,49.9972,49.9973,49.9973,49.9974
15720,49.9965,49.9965,49.9965,49.9965,49.9965,49.9965,49.9965,49.9965,49.9966,49.9966,49.9966,49.9966,49.9966,49.9966,49.9966,49.9967,49.9967,49.9967,49.9967,49.9968,49.9968,49.9968,49.9968,49.9969,49.9969,49.9969,49.997,49.997,49.997,49.9971,49.9971,49.9972,49.9972,49.9972,49.9973,49.9973,49.9974,49.9974,49.9974,49.9975,49.9975
15840,49.9967,49.9967,49.9967,49.9967,49.9967,49.9968,49.9968,49.9968,49.9968,49.9968,49.9968,49.9968,49.9968,49.9968,49.9969,49.9969,49.9969,49.9969,49.9969,49.997,49.997,49.997,49.997,49.9971,49.9971,49.9971,49.9972,49.9972,49.9972,49.9973,49.9973,49.9973,49.9974,49.9974,49.9974,49.9975,49.9975,49.9975,49.9976,49.9976,49.9977
15960,49.9969,49.9969,49.9969,49.9969,49.997,49.997,49.997,49.997,49.997,49.997,49.997,49.997,49.997,49.997,49.9971,49.9971,49.9971,49.9971,49.9971,49.9971,49.9972,49.9972,49.9972,49.9972,49.9973,49.9973,49.9973,49.9973,49.9974,49.9974,49.9974,49.9975,49.9975,49.9975,49.9976,49.9976,49.9976,49.9977,49.9977,49.9978,49.9978
16080,49.9971,49.9971,49.9971,49.9971,49.9971,49.9971,49.9971,49.9972,49.9972,49.9972,49.9972,49.9972,49.9972,49.9972,49.9972,49.9972,49.9973,49.9973,49.9973,49.9973,49.9973,49.9974,49.9974,49.9974,49.9974,49.9974,49.9975,49.9975,49.9975,49.9976,49.9976,49.9976,49.9976,49.9977,49.9977,49.9977,49.9978,49.9978,49.9978,49.9979,49.9979
16200,49.9973,49.9973,49.9973,49.9973,49.9973,49.9973,49.9973,49.9973,49.9973,49.9973,49.9973,49.9974,49.9974,49.9974,49.9974,49.9974,49.9974,49.9974,49.9974,49.9975,49.9975,49.9975,49.9975,49.9975,49.9976,49.9976,49.9976,49.9976,49.9977,49.9977,49.9977,49.9977,49.9978,49.9978,49.9978,49.9978,49.9979,49.9979,49.9979,49.998,49.998
16320,49.9974,49.9974,49.9975,49.9975,49.9975,49.9975,49.9975,49.9975,49.9975,49.9975,49.9975,49.9975,49.9975,49.9975,49.9975,49.9975,49.9976,49.9976,49.9976,49.9976,49.9976,49.9976,49.9977,49.9977,49.9977,49.9977,49.9977,49.9978,49.9978,49.9978,49.9978,49.9978,49.9979,49.9979,49.9979,49.9979,49.998,49.998,49.998,49.9981,49.9981
16440,49.9976,49.9976,49.9976,49.9976,49.9976,49.9976,49.9976,49.9976,49.9976,49.9976,49.9976,49.9976,49.9976,49.9977,49.9977,49.9977,49.9977,49.9977,49.9977,49.9977,49.9977,49.9978,49.9978,49.9978,49.9978,49.9978,49.9978,49.9979,49.9979,49.9979,49.9979,49.9979,49.998,49.998,49.998,49.998,49.9981,49.9981,49.9981,49.9981,49.9982
16560,49.9977,49.9977,49.9977,49.9977,49.9977,49.9977,49.9977,49.9977,49.9977,49.9977,49.9978,49.9978,49.9978,49.9978,49.9978,49.9978,49.9978,49.9978,49.9978,49.9978,49.9979,49.9979,49.9979,49.9979,49.9979,49.9979,49.9979,49.998,49.998,49.998,49.998,49.998,49.9981,49.9981,49.9981,49.9981,49.9981,49.9982,49.9982,49.9982,49.9982
16680,49.9978,49.9978,49.9978,49.9978,49.9978,49.9978,49.9978,49.9978,49.9979,49.9979,49.9979,49.9979,49.9979,49.9979,49.9979,49.9979,49.9979,49.9979,49.9979,49.9979,49.998,49.998,49.998,49.998,49.998,49.998,49.998,49.9981,49.9981,49.9981,49.9981,49.9981,49.9981,49.9982,49.9982,49.9982,49.9982,49.9982,49.9983,49.9983,49.9983
16800,49.9979,49.9979,49.9979,49.9979,49.9979,49.9979,49.9979,49.9979,49.998,49.998,49.998,49.998,49.998,49.998,49.998,49.998,49.998,49.998,49.998,49.998,49.9981,49.9981,49.9981,49.9981,49.9981,49.9981,49.9981,49.9981,49.9982,49.9982,49.9982,49.9982,49.9982,49.9982,49.9983,49.9983,49.9983,49.9983,49.9983,49.9983,49.9984
16920,49.998,49.998,49.998,49.998,49.998,49.998,49.998,49.998,49.998,49.9981,49.9981,49.9981,49.9981,49.9981,49.9981,49.9981,49.9981,49.9981,49.9981,49.9981,49.9981,49.9981,49.9982,49.9982,49.9982,49.9982,49.9982,49.9982,49.9982,49.9982,49.9983,49.9983,49.9983,49.9983,49.9983,49.9983,49.9983,49.9984,49.9984,49.9984,49.9984
17040,49.9981,49.9981,49.9981,49.9981,49.9981,49.9981,49.9981,49.9981,49.9981,49.9981,49.9981,49.9981,49.9982,49.9982,49.9982,49.9982,49.9982,49.9982,49.9982,49.9982,49.9982,49.9982,49.9982,49.9982,49.9983,49.9983,49.9983,49.9983,49.9983,49.9983,49.9983,49.9983,49.9983,49.9984,49.9984,49.9984,49.9984,49.9984,49.9984,49.9985,49.9985
17160,49.9982,49.9982,49.9982,49.9982,49.9982,49.9982,49.9982,49.9982,49.9982,49.9982,49.9982,49.9982,49.9982,49.9982,49.9982,49.9982,49.9982,49.9983,49.9983,49.9983,49.9983,49.9983,49.9983,49.9983,49.9983,49.9983,49.9983,49.9983,49.9984,49.9984,49.9984,49.9984,49.9984,49.9984,49.9984,49.9984,49.9985,49.9985,49.9985,49.9985,49.9985
17280,49.9983,49.9983,49.9983,49.9983,49.9983,49.9983,49.9983,49.9983,49.9983,49.9983,49.9983,49.9983,49.9983,49.9983,49.9983,49.9983,49.9983,49.9983,49.9983,49.9983,49.9983,49.9983,49.9984,49.9984,49.9984,49.9984,49.9984,49.9984,49.9984,49.9984,49.9984,49.9984,49.9985,49.9985,49.9985,49.9985,49.9985,49.9985,49.9985,49.9985,49.9986
17400,49.9983,49.9983,49.9983,49.9983,49.9983,49.9983,49.9983,49.9983,49.9983,49.9983,49.9983,49.9984,49.9984,49.9984,49.9984,49.9984,49.9984,49.9984,49.9984,49.9984,49.9984,49.9984,49.9984,49.9984,49.9984,49.9984,49.9984,49.9985,49.9985,49.9985,49.9985,49.9985,49.9985,49.9985,49.9985,49.9985,49.9985,49.9986,49.9986,49.9986,49.9986
17520,49.9984,49.9984,49.9984,49.9984,49.9984,49.9984,49.9984,49.9984,49.9984,49.9984,49.9984,49.9984,49.9984,49.9984,49.9984,49.9984,49.9984,49.9984,49.9984,49.9984,49.9985,49.9985,49.9985,49.9985,49.9985,49.9985,49.9985,49.9985,49.9985,49.9985,49.9985,49.9985,49.9985,49.9986,49.9986,49.9986,49.9986,49.9986,49.9986,49.9986,49.9986
17640,49.9984,49.9984,49.9984,49.9984,49.9984,49.9984,49.9984,49.9984,49.9984,49.9985,49.9985,49.9985,49.9985,49.9985,49.9985,49.9985,49.9985,49.9985,49.9985,49.9985,49.9985,49.9985,49.9985,49.9985,49.9985,49.9985,49.9985,49.9985,49.9985,49.9986,49.9986,49.9986,49.9986,49.9986,49.9986,49.9986,49.9986,49.9986,49.9986,49.9986,49.9987
17760,49.9985,49.9985,49.9985,49.9985,49.9985,49.9985,49.9985,49.9985,49.9985,49.9985,49.9985,49.9985,49.9985,49.9985,49.9985,49.9985,49.9985,49.9985,49.9985,49.9985,49.9985,49.9985,49.9985,49.9986,49.9986,49.9986,49.9986,49.9986,49.9986,49.9986,49.9986,49.9986,49.9986,49.9986,49.9986,49.9986,49.9986,49.9987,49.9987,49.9987,49.9987
17880,49.9985,49.9985,49.9985,49.9985,49.9985,49.9985,49.9985,49.9985,49.9985,49.9985,49.9985,49.9985,49.9985,49.9986,49.9986,49.9986,49.9986,49.9986,49.9986,49.9986,49.9986,49.9986,49.9986,49.9986,49.9986,49.9986,49.9986,49.9986,49.9986,49.9986,49.9986,49.9986,49.9986,49.9987,49.9987,49.9987,49.9987,49.9987,49.9987,49.9987,49.9987
18000,49.9986,49.9986,49.9986,49.9986,49.9986,49.9986,49.9986,49.9986,49.9986,49.9986,49.9986,49.9986,49.9986,49.9986,49.9986,49.9986,49.9986,49.9986,49.9986,49.9986,49.9986,49.9986,49.9986,49.9986,49.9986,49.9986,49.9986,49.9986,49.9987,49.9987,49.9987,49.9987,49.9987,49.9987,49.9987,49.9987,49.9987,49.9987,49.9987,49.9987,49.9987
18120,49.9986,49.9986,49.9986,49.9986,49.9986,49.9986,49.9986,49.9986,49.9986,49.9986,49.9986,49.9986,49.9986,49.9986,49.9986,49.9986,49.9986,49.9986,49.9986,49.9986,49.9986,49.9986,49.9987,49.9987,49.9987,49.9987,49.9987,49.9987,49.9987,49.9987,49.9987,49.9987,49.9987,49.9987,49.9987,49.9987,49.9987,49.9987,49.9987,49.9987,49.9987
18240,49.9986,49.9986,49.9986,49.9986,49.9986,49.9986,49.9986,49.9986,49.9986,49.9986,49.9986,49.9986,49.9986,49.9987,49.9987,49.9987,49.9987,49.9987,49.9987,49.9987,49.9987,49.9987,49.9987,49.9987,49.9987,49.9987,49.9987,49.9987,49.9987,49.9987,49.9987,49.9987,49.9987,49.9987,49.9987,49.9987,49.9987,49.9987,49.9988,49.9988,49.9988
18360,49.9987,49.9987,49.9987,49.9987,49.9987,49.9987,49.9987,49.9987,49.9987,49.9987,49.9987,49.9987,49.9987,49.9987,49.9987,49.9987,49.9987,49.9987,49.9987,49.9987,49.9987,49.9987,49.9987,49.9987,49.9987,49.9987,49.9987,49.9987,49.9987,49.9987,49.9987,49.9987,49.9987,49.9987,49.9988,49.9988,49.9988,49.9988,49.9988,49.9988,49.9988
18480,49.9987,49.9987,49.9987,49.9987,49.9987,49.9987,49.9987,49.9987,49.9987,49.9987,49.9987,49.9987,49.9987,49.9987,49.9987,49.9987,49.9987,49.9987,49.9987,49.9987,49.9987,49.9987,49.9987,49.9987,49.9987,49.9987,49.9987,49.9987,49.9987,49.9987,49.9988,49.9988,49.9988,49.9988,49.9988,49.9988,49.9988,49.9988,49.9988,49.9988,49.9988
18600,49.9987,49.9987,49.9987,49.9987,49.9987,49.9987,49.9987,49.9987,49.9987,49.9987,49.9987,49.9987,49.9987,49.9987,49.9987,49.9987,49.9987,49.9987,49.9987,49.9987,49.9987,49.9987,49.9987,49.9987,49.9988,49.9988,49.9988,49.9988,49.9988,49.9988,49.9988,49.9988,49.9988,49.9988,49.9988,49.9988,49.9988,49.9988,49.9988,49.9988,49.9988
18720,49.9987,49.9987,49.9987,49.9987,49.9987,49.9987,49.9987,49.9987,49.9987,49.9987,49.9987,49.9987,49.9987,49.9987,49.9987,49.9987,49.9988,49.9988,49.9988,49.9988,49.9988,49.9988,49.9988,49.9988,49.9988,49.9988,49.9988,49.9988,49.9988,49.9988,49.9988,49.9988,49.9988,49.9988,49.9988,49.9988,49.9988,49.9988,49.9988,49.9988,49.9988
18840,49.9988,49.9988,49.9988,49.9988,49.9988,49.9988,49.9988,49.9988,49.9988,49.9988,49.9988,49.9988,49.9988,49.9988,49.9988,49.9988,49.9988,49.9988,49.9988,49.9988,49.9988,49.9988,49.9988,49.9988,49.9988,49.9988,49.9988,49.9988,49.9988,49.9988,49.9988,49.9988,49.9988,49.9988,49.9988,49.9988,49.9988,49.9988,49.9988,49.9988,49.9988
18960,49.9988,49.9988,49.9988,49.9988,49.9988,49.9988,49.9988,49.9988,49.9988,49.9988,49.9988,49.9988,49.9988,49.9988,49.9988,49.9988,49.9988,49.9988,49.9988,49.9988,49.9988,49.9988,49.9988,49.9988,49.9988,49.9988,49.9988,49.9988,49.9988,49.9988,49.9988,49.9988,49.9988,49.9988,49.9988,49.9988,49.9988,49.9988,49.9988,49.9988,49.9988
19080,49.9988,49.9988,49.9988,49.9988,49.9988,49.9988,49.9988,49.9988,49.9988,49.9988,49.9988,49.9988,49.9988,49.9988,49.9988,49.9988,49.9988,49.9988,49.9988,49.9988,49.9988,49.9988,49.9988,49.9988,49.9988,49.9988,49.9988,49.9988,49.9988,49.9988,49.9988,49.9988,49.9988,49.9988,49.9988,49.9988,49.9988,49.9988,49.9988,49.9988,49.9989
19200,49.9988,49.9988,49.9988,49.9988,49.9988,49.9988,49.9988,49.9988,49.9988,49.9988,49.9988,49.9988,49.9988,49.9988,49.9988,49.9988,49.9988,49.9988,49.9988,49.9988,49.9988,49.9988,49.9988,49.9988,49.9988,49.9988,49.9988,49.9988,49.9988,49.9988,49.9988,49.9988,49.9988,49.9988,49.9988,49.9988,49.9989,49.9989,49.9989,49.9989,49.9989
19320,49.9988,49.9988,49.9988,49.9988,49.9988,49.9988,49.9988,49.9988,49.9988,49.9988,49.9988,49.9988,49.9988,49.9988,49.9988,49.9988,49.9988,49.9988,49.9988,49.9988,49.9988,49.9988,49.9988,49.9988,49.9988,49.9988,49.9988,49.9988,49.9988,49.9988,49.9988,49.9988,49.9989,49.9989,49.9989,49.9989,49.9989,49.9989,49.9989,49.9989,49.9989
19440,49.9988,49.9988,49.9988,49.9988,49.9988,49.9988,49.9988,49.9988,49.9988,49.9988,49.9988,49.9988,49.9988,49.9988,49.9988,49.9988,49.9988,49.9988,49.9988,49.9988,49.9988,49.9988,49.9988,49.9988,49.9988,49.9988,49.9988,49.9989,49.9989,49.9989,49.9989,49.9989,49.9989,49.9989,49.9989,49.9989,49.9989,49.9989,49.9989,49.9989,49.9989
19560,49.9988,49.9988,49.9988,49.9988,49.9988,49.9988,49.9988,49.9988,49.9988,49.9988,49.9988,49.9988,49.9988,49.9988,49.9988,49.9988,49.9988,49.9988,49.9988,49.9988,49.9988,49.9989,49.9989,49.9989,49.9989,49.9989,49.9989,49.9989,49.9989,49.9989,49.9989,49.9989,49.9989,49.9989,49.9989,49.9989,49.9989,49.9989,49.9989,49.9989,49.9989
19680,49.9988,49.9988,49.9988,49.9988,49.9988,49.9988,49.9988,49.9988,49.9988,49.9989,49.9989,49.9989,49.9989,49.9989,49.9989,49.9989,49.9989,49.9989,49.9989,49.9989,49.9989,49.9989,49.9989,49.9989,49.9989,49.9989,49.9989,49.9989,49.9989,49.9989,49.9989,49.9989,49.9989,49.9989,49.9989,49.9989,49.9989,49.9989,49.9989,49.9989,49.9989
19800,49.9989,49.9989,49.9989,49.9989,49.9989,49.9989,49.9989,49.9989,49.9989,49.9989,49.9989,49.9989,49.9989,49.9989,49.9989,49.9989,49.9989,49.9989,49.9989,49.9989,49.9989,49.9989,49.9989,49.9989,49.9989,49.9989,49.9989,49.9989,49.9989,49.9989,49.9989,49.9989,49.9989,49.9989,49.9989,49.9989,49.9989,49.9989,49.9989,49.9989,49.9989
19920,49.9989,49.9989,49.9989,49.9989,49.9989,49.9989,49.9989,49.9989,49.9989,49.9989,49.9989,49.9989,49.9989,49.9989,49.9989,49.9989,49.9989,49.9989,49.9989,49.9989,49.9989,49.9989,49.9989,49.9989,49.9989,49.9989,49.9989,49.9989,49.9989,49.9989,49.9989,49.9989,49.9989,49.9989,49.9989,49.9989,49.9989,49.9989,49.9989,49.9989,49.9989
20040,49.9989,49.9989,49.9989,49.9989,49.9989,49.9989,49.9989,49.9989,49.9989,49.9989,49.9989,49.9989,49.9989,49.9989,49.9989,49.9989,49.9989,49.9989,49.9989,49.9989,49.9989,49.9989,49.9989,49.9989,49.9989,49.9989,49.9989,49.9989,49.9989,49.9989,49.9989,49.9989,49.9989,49.9989,49.9989,49.9989,49.9989,49.9989,49.9989,49.9989,49.9989
20160,49.9989,49.9989,49.9989,49.9989,49.9989,49.9989,49.9989,49.9989,49.9989,49.9989,49.9989,49.9989,49.9989,49.9989,49.9989,49.9989,49.9989,49.9989,49.9989,49.9989,49.9989,49.9989,49.9989,49.9989,49.9989,49.9989,49.9989,49.9989,49.9989,49.9989,49.9989,49.9989,49.9989,49.9989,49.9989,49.9989,49.9989,49.9989,49.9989,49.9989,49.9989
20280,49.9989,49.9989,49.9989,49.9989,49.9989,49.9989,49.9989,49.9989,49.9989,49.9989,49.9989,49.9989,49.9989,49.9989,49.9989,49.9989,49.9989,49.9989,49.9989,49.9989,49.9989,49.9989,49.9989,49.9989,49.9989,49.9989,49.9989,49.9989,49.9989,49.9989,49.9989,49.9989,49.9989,49.9989,49.9989,49.9989,49.9989,49.9989,49.9989,49.9989,49.9989
20400,49.9989,49.9989,49.9989,49.9989,49.9989,49.9989,49.9989,49.9989,49.9989,49.9989,49.9989,49.9989,49.9989,49.9989,49.9989,49.9989,49.9989,49.9989,49.9989,49.9989,49.9989,49.9989,49.9989,49.9989,49.9989,49.9989,49.9989,49.9989,49.9989,49.9989,49.9989,49.9989,49.9989,49.9989,49.9989,49.9989,49.9989,49.9989,49.9989,49.9989,49.9989
20520,49.9989,49.9989,49.9989,49.9989,49.9989,49.9989,49.9989,49.9989,49.9989,49.9989,49.9989,49.9989,49.9989,49.9989,49.9989,49.9989,49.9989,49.9989,49.9989,49.9989,49.9989,49.9989,49.9989,49.9989,49.9989,49.9989,49.9989,49.9989,49.9989,49.9989,49.9989,49.9989,49.9989,49.9989,49.9989,49.9989,49.9989,49.9989,49.9989,49.9989,49.9989
20640,49.9989,49.9989,49.9989,49.9989,49.9989,49.9989,49.9989,49.9989,49.9989,49.9989,49.9989,49.9989,49.9989,49.9989,49.9989,49.9989,49.9989,49.9989,49.9989,49.9989,49.9989,49.9989,49.9989,49.9989,49.9989,49.9989,49.9989,49.9989,49.9989,49.9989,49.9989,49.9989,49.9989,49.9989,49.9989,49.9989,49.9989,49.9989,49.9989,49.9989,49.9989
20760,49.9989,49.9989,49.9989,49.9989,49.9989,49.9989,49.9989,49.9989,49.9989,49.9989,49.9989,49.9989,49.9989,49.9989,49.9989,49.9989,49.9989,49.9989,49.9989,49.9989,49.9989,49.9989,49.9989,49.9989,49.9989,49.9989,49.9989,49.9989,49.9989,49.9989,49.9989,49.9989,49.9989,49.9989,49.9989,49.9989,49.9989,49.9989,49.9989,49.9989,49.9989
20880,49.9989,49.9989,49.9989,49.9989,49.9989,49.9989,49.9989,49.9989,49.9989,49.9989,49.9989,49.9989,49.9989,49.9989,49.9989,49.9989,49.9989,49.9989,49.9989,49.9989,49.9989,49.9989,49.9989,49.9989,49.9989,49.9989,49.9989,49.9989,49.9989,49.9989,49.9989,49.9989,49.9989,49.9989,49.9989,49.9989,49.9989,49.9989,49.9989,49.9989,49.9989
21000,49.9989,49.9989,49.9989,49.9989,49.9989,49.9989,49.9989,49.9989,49.9989,49.9989,49.9989,49.9989,49.9989,49.9989,49.9989,49.9989,49.9989,49.9989,49.9989,49.9989,49.9989,49.9989,49.9989,49.9989,49.9989,49.9989,49.9989,49.9989,49.9989,49.9989,49.9989,49.9989,49.9989,49.9989,49.9989,49.9989,49.9989,49.9989,49.9989,49.9989,49.9989
21120,49.9989,49.9989,49.9989,49.9989,49.9989,49.9989,49.9989,49.9989,49.9989,49.9989,49.9989,49.9989,49.9989,49.9989,49.9989,49.9989,49.9989,49.9989,49.9989,49.9989,49.9989,49.9989,49.9989,49.9989,49.9989,49.9989,49.9989,49.9989,49.9989,49.9989,49.9989,49.9989,49.9989,49.9989,49.9989,49.9989,49.9989,49.9989,49.9989,49.9989,49.9989
21240,49.9989,49.9989,49.9989,49.9989,49.9989,49.9989,49.9989,49.9989,49.9989,49.9989,49.9989,49.9989,49.9989,49.9989,49.9989,49.9989,49.9989,49.9989,49.9989,49.9989,49.9989,49.9989,49.9989,49.9989,49.9989,49.9989,49.9989,49.9989,49.9989,49.9989,49.9989,49.9989,49.9989,49.9989,49.9989,49.9989,49.9989,49.9989,49.9989,49.9989,49.9989
21360,49.9989,49.9989,49.9989,49.9989,49.9989,49.9989,49.9989,49.9989,49.9989,49.9989,49.9989,49.9989,49.9989,49.9989,49.9989,49.9989,49.9989,49.9989,49.9989,49.9989,49.9989,49.9989,49.9989,49.9989,49.9989,49.9989,49.9989,49.9989,49.9989,49.9989,49.9989,49.9989,49.9989,49.9989,49.9989,49.9989,49.9989,49.9989,49.9989,49.9989,49.9989
21480,49.9989,49.9989,49.9989,49.9989,49.9989,49.9989,49.9989,49.9989,49.9989,49.9989,49.9989,49.9989,49.9989,49.9989,49.9989,49.9989,49.9989,49.9989,49.9989,49.9989,49.9989,49.9989,49.9989,49.9989,49.9989,49.9989,49.9989,49.9989,49.9989,49.9989,49.9989,49.9989,49.9989,49.9989,49.9989,49.9989,49.9989,49.9989,49.9989,49.9989,49.9989
21600,49.9989,49.9989,49.9989,49.9989,49.9989,49.9989,49.9989,49.9989,49.9989,49.9989,49.9989,49.9989,49.9989,49.9989,49.9989,49.9989,49.9989,49.9989,49.9989,49.9989,49.9989,49.9989,49.9989,49.9989,49.9989,49.9989,49.9989,49.9989,49.9989,49.9989,49.9989,49.9989,49.9989,49.9989,49.9989,49.9989,49.9989,49.9989,49.9989,49.9989,49.9989
