t_s,R_cm,0.00,0.05,0.10,0.15,0.20,0.25,0.30,0.35,0.40,0.45,0.50,0.55,0.60,0.65,0.70,0.75,0.80,0.85,0.90,0.95,1.00,1.05,1.10,1.15,1.20,1.25,1.30,1.35,1.40,1.45,1.50,1.55,1.60,1.65,1.70,1.75,1.80,1.85,1.90,1.95,2.00
0,2,2.55,2.55,2.55,2.55,2.55,2.55,2.55,2.55,2.55,2.55,2.55,2.55,2.55,2.55,2.55,2.55,2.55,2.55,2.55,2.55,2.55,2.55,2.55,2.55,2.55,2.55,2.55,2.55,2.55,2.55,2.55,2.55,2.55,2.55,2.55,2.55,2.55,2.55,2.55,2.55,2.55
600,1.95767,2.55,2.55,2.55,2.55,2.55,2.55,2.55,2.55,2.55,2.55,2.55,2.55,2.55,2.55,2.55,2.55,2.55,2.55,2.55,2.55,2.55,2.55,2.55,2.55,2.55,2.55,2.55,2.55,2.55,2.55,2.54998,2.54986,2.54924,2.54647,2.53636,2.50574,2.42853,2.26547,1.97434,1.52951,
1200,1.91533,2.55,2.55,2.55,2.55,2.55,2.55,2.55,2.55,2.55,2.55,2.55,2.55,2.55,2.55,2.55,2.55,2.55,2.55,2.55,2.55,2.55,2.55,2.55,2.55,2.55,2.54998,2.54992,2.54971,2.54905,2.54715,2.54221,2.53055,2.50554,2.45676,2.37,2.229,2.01887,1.73062,1.36402,,
1800,1.873,2.55,2.55,2.55,2.55,2.55,2.55,2.55,2.55,2.55,2.55,2.55,2.55,2.55,2.55,2.55,2.55,2.55,2.55,2.55,2.55,2.54999,2.54997,2.54992,2.54977,2.54938,2.54843,2.54624,2.54157,2.53219,2.51456,2.48348,2.43203,2.35193,2.23455,2.07234,1.86042,1.59798,1.28824,,,
2400,1.84667,2.55,2.55,2.55,2.55,2.55,2.55,2.55,2.55,2.55,2.55,2.55,2.55,2.55,2.55,2.55,2.55,2.54999,2.54998,2.54995,2.54987,2.54969,2.54929,2.54844,2.5467,2.54335,2.53717,2.52633,2.50816,2.47912,2.43481,2.37016,2.27996,2.15944,2.00502,1.81499,1.58993,1.3324,,,,
3000,1.82033,2.55,2.55,2.55,2.55,2.55,2.55,2.55,2.55,2.55,2.55,2.55,2.55,2.54999,2.54999,2.54997,2.54993,2.54984,2.54966,2.54929,2.54857,2.54723,2.54481,2.54061,2.53359,2.52227,2.50467,2.4783,2.44015,2.38687,2.31498,2.22122,2.10288,1.95821,1.78672,1.58924,1.36774,1.12459,,,,
3600,1.794,2.55,2.55,2.55,2.55,2.55,2.55,2.55,2.55,2.55,2.54999,2.54998,2.54996,2.54991,2.54982,2.54964,2.54931,2.54872,2.54767,2.54589,2.54293,2.53818,2.53075,2.51949,2.50289,2.47914,2.44609,2.40139,2.34258,2.26729,2.17343,2.05942,1.92438,1.76824,1.59181,1.39652,1.18408,,,,,
4200,1.76367,2.55,2.55,2.55,2.55,2.55,2.54999,2.54998,2.54997,2.54994,2.54989,2.5498,2.54963,2.54933,2.54883,2.54798,2.54661,2.54441,2.541,2.53581,2.52812,2.51698,2.50123,2.47947,2.45011,2.4114,2.36152,2.29867,2.22121,2.12778,2.01745,1.88977,1.74491,1.58353,1.40675,1.21583,1.01158,,,,,
4800,1.73333,2.54999,2.54999,2.54998,2.54997,2.54996,2.54992,2.54987,2.54977,2.54961,2.54934,2.54891,2.54822,2.54713,2.54546,2.54294,2.5392,2.53377,2.52603,2.51523,2.50043,2.48056,2.45439,2.42058,2.37774,2.32445,2.2594,2.18143,2.08963,1.98341,1.86258,1.72732,1.57818,1.41601,1.24177,1.05616,,,,,,
5400,1.703,2.54991,2.5499,2.54987,2.54981,2.54972,2.54957,2.54933,2.54895,2.54837,2.5475,2.54619,2.54428,2.5415,2.53756,2.53203,2.5244,2.51405,2.50024,2.48212,2.45871,2.42897,2.39179,2.34605,2.29067,2.22466,2.14718,2.0576,1.95554,1.84089,1.71386,1.57488,1.42458,1.26365,1.09253,0.910924,,,,,,
6000,1.677,2.54952,2.54948,2.54938,2.54918,2.54887,2.54839,2.54769,2.54666,2.54519,2.54311,2.54021,2.5362,2.53076,2.52344,2.51375,2.5011,2.4848,2.46408,2.43811,2.40602,2.36688,2.31982,2.26397,2.19859,2.12303,2.03683,1.93972,1.83162,1.71268,1.58324,1.44375,1.2947,1.13643,0.968879,,,,,,,
6600,1.651,2.54828,2.5482,2.54792,2.54743,2.54666,2.54555,2.54398,2.5418,2.53885,2.53487,2.52958,2.52263,2.51361,2.50203,2.48734,2.46893,2.44611,2.41819,2.3844,2.34401,2.29627,2.24052,2.17616,2.10267,2.01971,1.92707,1.82468,1.71265,1.59124,1.46078,1.32166,1.17413,1.01811,0.852739,,,,,,,
7200,1.625,2.54536,2.54518,2.54461,2.54361,2.54211,2.53999,2.53711,2.53326,2.52822,2.5217,2.51335,2.50279,2.48956,2.47315,2.45303,2.42859,2.39922,2.36429,2.32317,2.27526,2.21999,2.15689,2.08554,2.00566,1.91706,1.8197,1.71365,1.59909,1.47627,1.34548,1.20694,1.06063,0.905965,,,,,,,,
7800,1.613,2.5398,2.53948,2.53852,2.53686,2.5344,2.531,2.52651,2.52069,2.51329,2.504,2.49246,2.47828,2.46102,2.4402,2.41533,2.38588,2.35132,2.31114,2.26482,2.21191,2.152,2.08475,2.00989,1.92726,1.83679,1.73851,1.63251,1.51898,1.3981,1.27002,1.13474,0.991908,0.840403,,,,,,,,
8400,1.601,2.53083,2.53036,2.52893,2.52648,2.5229,2.51805,2.51175,2.50377,2.49384,2.48165,2.46686,2.44909,2.42793,2.40295,2.37371,2.33977,2.30068,2.25601,2.20538,2.14844,2.08487,2.01447,1.93705,1.85254,1.76092,1.66224,1.55662,1.44418,1.32504,1.19925,1.06663,0.926588,0.777541,,,,,,,,
9000,1.589,2.51795,2.51731,2.51537,2.51207,2.5073,2.50092,2.49274,2.48254,2.47006,2.45501,2.43707,2.41589,2.3911,2.36233,2.32919,2.29131,2.24832,2.1999,2.14572,2.08553,2.01912,1.94632,1.86705,1.78127,1.68898,1.59027,1.48521,1.3739,1.2564,1.13261,1.00219,0.864258,,,,,,,,,
9600,1.57667,2.50093,2.50011,2.49766,2.4935,2.48753,2.47962,2.46959,2.45723,2.4423,2.42454,2.40364,2.37931,2.35122,2.31905,2.28247,2.24117,2.19486,2.14327,2.08616,2.02334,1.95467,1.88003,1.79938,1.7127,1.62004,1.52146,1.41702,1.30678,1.19072,1.06867,0.94013,0.803975,,,,,,,,,
10200,1.56433,2.47978,2.4788,2.47585,2.47086,2.46374,2.45437,2.44259,2.42821,2.411,2.39074,2.36716,2.34,2.30898,2.27382,2.23426,2.19005,2.14094,2.08673,2.02724,1.96233,1.89189,1.81587,1.73424,1.64702,1.55425,1.45599,1.35227,1.24311,1.12842,1.00791,0.880921,0.745961,,,,,,,,,
10800,1.552,2.45472,2.45359,2.45017,2.44441,2.43623,2.42551,2.41212,2.39589,2.37663,2.35412,2.32815,2.29849,2.26491,2.22717,2.18507,2.13839,2.08695,2.03059,1.96917,1.90261,1.83083,1.7538,1.67152,1.58402,1.49133,1.39351,1.29057,1.18247,1.06904,0.949887,0.824151,0.689963,,,,,,,,,
11400,1.538,2.42603,2.42475,2.4209,2.41443,2.40526,2.39331,2.37844,2.36051,2.33936,2.31482,2.28668,2.25477,2.21888,2.17885,2.13447,2.08561,2.0321,1.97384,1.91073,1.84271,1.76974,1.6918,1.60893,1.52115,1.42849,1.331,1.22865,1.12136,1.00888,0.890641,0.765498,,,,,,,,,,
12000,1.524,2.39406,2.39265,2.38841,2.3813,2.37126,2.3582,2.34202,2.32259,2.29979,2.27345,2.24343,2.20957,2.17171,2.12971,2.08342,2.03272,1.97752,1.91771,1.85325,1.78409,1.71022,1.63165,1.54841,1.46053,1.36805,1.27096,1.16923,1.06271,0.951037,0.833498,0.7086,,,,,,,,,,
12600,1.51,2.35922,2.35769,2.35311,2.34544,2.33462,2.32059,2.30326,2.28253,2.25828,2.2304,2.19876,2.16323,2.12369,2.08003,2.03214,1.97993,1.92333,1.86228,1.79675,1.72672,1.65221,1.57322,1.4898,1.40197,1.30977,1.21316,1.11207,1.00628,0.895319,0.778261,0.653234,,,,,,,,,,
13200,1.499,2.32197,2.32035,2.31549,2.30736,2.29592,2.28111,2.26286,2.24109,2.21571,2.18663,2.15374,2.11696,2.07618,2.03133,1.98233,1.92911,1.87163,1.80986,1.74379,1.67343,1.59878,1.51988,1.43677,1.34947,1.258,1.16232,1.0623,0.957674,0.847868,0.731754,,,,,,,,,,,
13800,1.488,2.28274,2.28104,2.27594,2.26743,2.25546,2.24,2.22098,2.19835,2.17204,2.14197,2.10807,2.07026,2.02849,1.9827,1.93283,1.87885,1.82073,1.75847,1.69207,1.62154,1.54693,1.46827,1.38559,1.29891,1.20823,1.11349,1.01452,0.910977,0.802154,0.686652,,,,,,,,,,,
14400,1.477,2.24187,2.24011,2.23482,2.22599,2.21359,2.19759,2.17794,2.15461,2.12753,2.09666,2.06194,2.02333,1.98079,1.93427,1.88375,1.82921,1.77066,1.7081,1.64155,1.57103,1.4966,1.41828,1.33612,1.25012,1.16026,1.06646,0.968501,0.865955,0.757977,0.642868,,,,,,,,,,,
15000,1.467,2.19973,2.19792,2.19248,2.1834,2.17067,2.15425,2.13412,2.11026,2.08261,2.05115,2.01585,1.97668,1.93361,1.88662,1.83572,1.78089,1.72217,1.65956,1.59309,1.52282,1.44878,1.37102,1.28956,1.2044,1.11551,1.02276,0.925895,0.824393,0.717269,0.602525,,,,,,,,,,,
15600,1.457,2.15663,2.15478,2.14922,2.13995,2.12695,2.11022,2.08972,2.06544,2.03737,2.00547,1.96974,1.93017,1.88674,1.83945,1.78833,1.73337,1.67462,1.6121,1.54586,1.47594,1.40238,1.32524,1.24453,1.16025,1.07233,0.980616,0.884794,0.784256,0.677834,0.563124,,,,,,,,,,,
16200,1.447,2.11283,2.11095,2.1053,2.09588,2.08269,2.06571,2.04494,2.02036,1.99198,1.95978,1.92375,1.88392,1.84027,1.79283,1.74162,1.68667,1.62802,1.56571,1.49979,1.43032,1.35733,1.28087,1.20096,1.11757,1.03062,0.939917,0.845089,0.74542,0.639536,,,,,,,,,,,,
16800,1.43933,2.06861,2.06671,2.06102,2.05153,2.03823,2.02114,2.00025,1.97555,1.94705,1.91476,1.87868,1.83883,1.79524,1.74792,1.69691,1.64225,1.584,1.52219,1.45689,1.38815,1.31601,1.24051,1.16167,1.07945,0.993734,0.904309,0.810737,0.712205,0.607121,,,,,,,,,,,,
17400,1.43167,2.02425,2.02234,2.01662,2.00709,1.99375,1.9766,1.95565,1.93092,1.9024,1.87011,1.83408,1.79432,1.75088,1.70378,1.65308,1.59881,1.54103,1.4798,1.41518,1.34723,1.27598,1.20148,1.12371,1.04264,0.958136,0.86993,0.77753,0.680009,0.575537,,,,,,,,,,,,
18000,1.424,1.9799,1.97799,1.97226,1.96272,1.94937,1.93223,1.91129,1.88658,1.85812,1.82592,1.79002,1.75045,1.70724,1.66045,1.61013,1.55632,1.4991,1.43851,1.37463,1.3075,1.23718,1.16368,1.087,1.00706,0.923731,0.836695,0.745396,0.648781,0.544742,,,,,,,,,,,,
18600,1.415,1.93566,1.93375,1.92803,1.91849,1.90514,1.88801,1.8671,1.84243,1.81403,1.78193,1.74617,1.70678,1.66381,1.61732,1.56736,1.51399,1.45727,1.39727,1.33405,1.26767,1.19817,1.12555,1.04982,0.970868,0.88853,0.802455,0.712002,0.615959,0.511846,,,,,,,,,,,,
19200,1.406,1.89162,1.88972,1.884,1.87449,1.86118,1.84409,1.82325,1.79868,1.7704,1.73846,1.7029,1.66376,1.62109,1.57495,1.52541,1.47253,1.41637,1.35701,1.2945,1.22889,1.16023,1.08852,1.01373,0.935762,0.854403,0.769256,0.679589,0.584005,0.479545,,,,,,,,,,,,
19800,1.397,1.84788,1.84598,1.84029,1.83082,1.81757,1.80057,1.77983,1.75539,1.72729,1.69556,1.66025,1.62141,1.5791,1.53337,1.4843,1.43196,1.3764,1.31771,1.25593,1.19113,1.12333,1.05253,0.978698,0.901701,0.821299,0.737039,0.648083,0.552809,,,,,,,,,,,,,
20400,1.38933,1.80457,1.80268,1.79704,1.78763,1.77449,1.75763,1.73708,1.71286,1.68502,1.6536,1.61865,1.58023,1.53839,1.49321,1.44474,1.39306,1.33824,1.28035,1.21945,1.15558,1.08877,1.01902,0.946269,0.87037,0.791051,0.7078,0.619671,0.5248,,,,,,,,,,,,,
21000,1.38167,1.76179,1.75992,1.75433,1.74501,1.732,1.7153,1.69495,1.67098,1.64344,1.61236,1.57781,1.53984,1.49852,1.4539,1.40607,1.35509,1.30103,1.24397,1.18395,1.12103,1.05522,0.986504,0.914815,0.839987,0.761705,0.679397,0.591992,0.497345,,,,,,,,,,,,,
21600,1.374,1.7196,1.71776,1.71222,1.70301,1.69013,1.67362,1.6535,1.6298,1.60258,1.57188,1.53775,1.50027,1.45948,1.41546,1.36829,1.31803,1.26475,1.20853,1.14941,1.08743,1.02261,0.954929,0.884286,0.810498,0.733212,0.651784,0.565006,0.470394,,,,,,,,,,,,,
22200,1.368,1.67811,1.67629,1.67083,1.66175,1.64906,1.63278,1.61295,1.58961,1.56279,1.53256,1.49896,1.46207,1.42193,1.37864,1.33225,1.28284,1.23047,1.17522,1.11713,1.05624,0.992547,0.926026,0.85657,0.783968,0.707831,0.627449,0.541476,0.447088,,,,,,,,,,,,,
22800,1.362,1.6374,1.63561,1.63023,1.62129,1.60878,1.59276,1.57323,1.55025,1.52386,1.49411,1.46105,1.42476,1.3853,1.34273,1.29713,1.24858,1.19713,1.14284,1.08578,1.02595,0.963377,0.897997,0.829695,0.758236,0.683191,0.603777,0.518501,0.42414,,,,,,,,,,,,,
23400,1.356,1.5975,1.59573,1.59044,1.58163,1.56933,1.55356,1.53435,1.51174,1.48578,1.45653,1.42403,1.38835,1.34956,1.30773,1.26293,1.21523,1.16469,1.11137,1.05532,0.996551,0.935065,0.870799,0.803619,0.733263,0.65926,0.580749,0.496069,0.401518,,,,,,,,,,,,,
24000,1.34967,1.5584,1.55667,1.55146,1.5428,1.53069,1.51517,1.49628,1.47404,1.44851,1.41974,1.38779,1.35271,1.31459,1.27348,1.22945,1.18258,1.13293,1.08054,1.02546,0.96771,0.907266,0.84406,0.777938,0.708611,0.635563,0.557845,0.473588,,,,,,,,,,,,,,
24600,1.34333,1.52013,1.51842,1.5133,1.50478,1.49288,1.47762,1.45904,1.43718,1.41208,1.3838,1.3524,1.31794,1.28048,1.24009,1.19684,1.15079,1.10201,1.05055,0.996436,0.939681,0.88026,0.81809,0.752999,0.684669,0.612531,0.535538,0.45159,,,,,,,,,,,,,,
25200,1.337,1.48268,1.48101,1.47597,1.4676,1.4559,1.4409,1.42264,1.40116,1.3765,1.34872,1.31787,1.28401,1.24722,1.20755,1.16507,1.11984,1.07193,1.02138,0.968216,0.912442,0.854025,0.792867,0.728778,0.66141,0.590137,0.5138,0.430023,,,,,,,,,,,,,,
25800,1.33167,1.4461,1.44445,1.43951,1.4313,1.41982,1.40511,1.3872,1.36613,1.34194,1.31469,1.28444,1.25124,1.21515,1.17625,1.1346,1.09025,1.04326,0.993677,0.94152,0.886787,0.829434,0.769352,0.706332,0.639996,0.569667,0.494071,0.410547,,,,,,,,,,,,,,
26400,1.32633,1.4104,1.40878,1.40394,1.39588,1.38463,1.3702,1.35264,1.33197,1.30826,1.28154,1.25188,1.21932,1.18395,1.14581,1.10496,1.06148,1.0154,0.966768,0.915598,0.861883,0.805569,0.746534,0.684548,0.619202,0.549759,0.474823,0.391403,,,,,,,,,,,,,,
27000,1.321,1.37557,1.37399,1.36924,1.36134,1.35031,1.33616,1.31895,1.29869,1.27544,1.24925,1.22017,1.18826,1.15358,1.11619,1.07615,1.03351,0.988328,0.940628,0.890426,0.837706,0.782404,0.724385,0.6634,0.599003,0.530395,0.456043,0.372566,,,,,,,,,,,,,,
27600,1.31767,1.34167,1.34012,1.33548,1.32776,1.31698,1.30316,1.28633,1.26654,1.24382,1.21822,1.1898,1.15861,1.12472,1.08817,1.04903,1.00735,0.963161,0.916507,0.86739,0.815788,0.761631,0.704771,0.644943,0.581677,0.514121,0.44063,0.357495,,,,,,,,,,,,,,
28200,1.31433,1.30873,1.30722,1.30268,1.29514,1.2846,1.2711,1.25465,1.23531,1.21311,1.1881,1.16032,1.12985,1.09672,1.06099,1.02273,0.981975,0.938767,0.89313,0.845069,0.794554,0.741505,0.685766,0.627051,0.564864,0.498299,0.425592,0.342664,,,,,,,,,,,,,,
28800,1.311,1.27672,1.27524,1.27082,1.26344,1.25315,1.23995,1.22389,1.20499,1.1833,1.15885,1.13171,1.10193,1.06955,1.03463,0.997225,0.957375,0.915116,0.870471,0.823435,0.773974,0.722,0.667342,0.609701,0.548549,0.482927,0.410938,0.328091,,,,,,,,,,,,,,
29400,1.307,1.24562,1.24417,1.23984,1.23263,1.22256,1.20966,1.19395,1.17546,1.15425,1.13034,1.10379,1.07465,1.04298,1.00881,0.972206,0.933201,0.891828,0.848104,0.802021,0.753535,0.702551,0.648885,0.592218,0.531988,0.46717,0.395709,0.312564,,,,,,,,,,,,,,
30000,1.303,1.21538,1.21397,1.20973,1.20268,1.19284,1.18022,1.16485,1.14677,1.12602,1.10264,1.07667,1.04817,1.01717,0.983744,0.947919,0.909738,0.869228,0.826401,0.781245,0.733708,0.683686,0.630982,0.575258,0.515918,0.451864,0.380861,0.297226,,,,,,,,,,,,,,
30600,1.299,1.18599,1.18461,1.18047,1.17357,1.16394,1.1516,1.13658,1.1189,1.0986,1.07573,1.05033,1.02244,0.992121,0.959407,0.924344,0.886965,0.847296,0.805344,0.761089,0.714477,0.66539,0.613621,0.558811,0.500325,0.436992,0.366373,,,,,,,,,,,,,,,
31200,1.29633,1.15746,1.15611,1.15207,1.14534,1.13594,1.1239,1.10923,1.09197,1.07216,1.04984,1.02504,0.997809,0.968198,0.936246,0.901991,0.865466,0.826692,0.78567,0.742379,0.696756,0.648679,0.597928,0.544128,0.486616,0.424156,0.354139,,,,,,,,,,,,,,,
31800,1.29367,1.12978,1.12847,1.12452,1.11796,1.10879,1.09703,1.08272,1.06587,1.04653,1.02473,1.00052,0.973933,0.945012,0.9138,0.880332,0.844636,0.80673,0.766614,0.724258,0.679596,0.632496,0.58273,0.529904,0.473324,0.411687,0.342202,,,,,,,,,,,,,,,
32400,1.291,1.10295,1.10167,1.09782,1.09141,1.08246,1.07098,1.05701,1.04056,1.02168,1.0004,0.976755,0.950789,0.92254,0.892047,0.859343,0.824453,0.787391,0.748153,0.706705,0.662974,0.616822,0.568008,0.516122,0.460437,0.399581,0.330561,,,,,,,,,,,,,,,
33000,1.28767,1.07692,1.07566,1.0719,1.06564,1.05689,1.04568,1.03202,1.01595,0.997498,0.976695,0.953581,0.928194,0.90057,0.870747,0.838754,0.804614,0.768336,0.729912,0.689304,0.646432,0.60115,0.553204,0.502164,0.447263,0.387044,0.318254,,,,,,,,,,,,,,,
33600,1.28433,1.05165,1.05042,1.04674,1.04063,1.03208,1.02112,1.00777,0.992067,0.974029,0.953693,0.931096,0.906272,0.879257,0.850086,0.818784,0.785372,0.749857,0.712225,0.672433,0.630397,0.585959,0.538856,0.488635,0.43449,0.374868,0.30623,,,,,,,,,,,,,,,
34200,1.281,1.02712,1.02592,1.02233,1.01635,1.008,0.997286,0.984242,0.968888,0.951255,0.931374,0.909279,0.885004,0.858582,0.830044,0.799415,0.766712,0.731938,0.695076,0.656079,0.614853,0.571237,0.524952,0.475523,0.422103,0.363038,0.29446,,,,,,,,,,,,,,,
34800,1.27833,1.00332,1.00215,0.998647,0.99281,0.984654,0.974196,0.961459,0.946465,0.929244,0.909825,0.88824,0.864522,0.838702,0.810809,0.780864,0.748882,0.714864,0.678787,0.640601,0.600207,0.557436,0.511998,0.463399,0.410755,0.352317,0.283902,,,,,,,,,,,,,,,
35400,1.27567,0.980255,0.979112,0.975687,0.969987,0.962023,0.951811,0.939371,0.924727,0.907905,0.888935,0.867846,0.84467,0.819435,0.792167,0.762888,0.731606,0.698321,0.663007,0.625609,0.586024,0.544072,0.499454,0.451657,0.399754,0.341898,0.273559,,,,,,,,,,,,,,,
36000,1.273,0.957886,0.95677,0.953426,0.947859,0.940081,0.930107,0.917957,0.903652,0.887219,0.868684,0.848078,0.825427,0.80076,0.774101,0.745467,0.714866,0.682294,0.647721,0.611088,0.572286,0.531129,0.487306,0.440282,0.38909,0.331778,0.26342,,,,,,,,,,,,,,,
36600,1.27067,0.936203,0.935114,0.931849,0.926414,0.918821,0.909084,0.89722,0.883253,0.867205,0.849103,0.828975,0.806846,0.782743,0.756688,0.728695,0.698771,0.666906,0.63307,0.597199,0.559178,0.518815,0.475788,0.429543,0.379076,0.322328,0.253979,,,,,,,,,,,,,,,
37200,1.26833,0.915189,0.914126,0.910938,0.905632,0.898218,0.88871,0.877126,0.863485,0.847811,0.830129,0.810465,0.788843,0.765288,0.739818,0.712448,0.68318,0.652002,0.618881,0.583749,0.546486,0.506893,0.464637,0.419146,0.369372,0.313151,0.24471,,,,,,,,,,,,,,,
37800,1.266,0.894823,0.893785,0.890672,0.885491,0.878251,0.868966,0.857651,0.844328,0.829018,0.811743,0.792529,0.771399,0.748375,0.723474,0.696708,0.668077,0.637566,0.605139,0.570724,0.534196,0.49535,0.453841,0.409077,0.35997,0.304237,0.235611,,,,,,,,,,,,,,,
38400,1.264,0.875089,0.874076,0.871037,0.86598,0.858912,0.849848,0.838802,0.825793,0.810842,0.793972,0.775205,0.754563,0.732065,0.707729,0.681562,0.653563,0.623716,0.591979,0.558277,0.522483,0.484383,0.443624,0.399597,0.351173,0.295959,0.227182,,,,,,,,,,,,,,,
39000,1.262,0.855972,0.854982,0.852016,0.847078,0.840178,0.831327,0.820541,0.807838,0.793236,0.776758,0.758424,0.738254,0.716268,0.692479,0.666893,0.639508,0.610303,0.579236,0.546227,0.511144,0.473768,0.433735,0.39042,0.342653,0.287922,0.21889,,,,,,,,,,,,,,,
39600,1.26,0.837449,0.836483,0.833587,0.828766,0.822028,0.813384,0.80285,0.790443,0.77618,0.760081,0.742167,0.722457,0.700966,0.677707,0.652686,0.625896,0.597315,0.566896,0.534559,0.500166,0.463492,0.424164,0.381536,0.3344,0.28012,0.210724,,,,,,,,,,,,,,,
40200,1.25767,0.819499,0.818555,0.815725,0.811013,0.804429,0.795983,0.785688,0.773561,0.759619,0.743881,0.726365,0.70709,0.686069,0.663314,0.638827,0.6126,0.584609,0.554805,0.523102,0.489359,0.453344,0.414673,0.37268,0.326106,0.272168,0.202101,,,,,,,,,,,,,,,
40800,1.25533,0.802096,0.801173,0.798407,0.793803,0.787368,0.779113,0.76905,0.757196,0.743565,0.728177,0.711048,0.692194,0.67163,0.649363,0.625395,0.599716,0.572298,0.54309,0.512003,0.478891,0.443516,0.405483,0.364103,0.318069,0.264438,0.19352,,,,,,,,,,,,,,,
41400,1.253,0.785223,0.784321,0.781618,0.777117,0.770827,0.762757,0.75292,0.74133,0.728002,0.712953,0.696199,0.677756,0.657634,0.635841,0.612377,0.587229,0.560367,0.531738,0.50125,0.468751,0.433998,0.396582,0.355796,0.310278,0.256916,0.184951,,,,,,,,,,,,,,,
42000,1.25133,0.768871,0.767991,0.765351,0.760956,0.754813,0.746931,0.737322,0.726,0.712979,0.698275,0.681903,0.663875,0.644204,0.622894,0.599942,0.575336,0.549043,0.521007,0.491133,0.459267,0.425159,0.388395,0.348249,0.303317,0.250346,0.177589,,,,,,,,,,,,,,,
42600,1.24967,0.753032,0.752172,0.749593,0.7453,0.7393,0.7316,0.722213,0.711151,0.698428,0.684058,0.668055,0.650431,0.631196,0.610354,0.587899,0.563818,0.538077,0.510616,0.481338,0.450086,0.416605,0.380472,0.340943,0.296574,0.24396,,,,,,,,,,,,,,,,
43200,1.248,0.737686,0.736846,0.734327,0.730133,0.724271,0.716748,0.707576,0.696765,0.68433,0.670284,0.65464,0.637407,0.618595,0.598206,0.576235,0.552663,0.527456,0.500553,0.471854,0.441197,0.408324,0.372802,0.333872,0.290043,0.237755,,,,,,,,,,,,,,,,
43800,1.24667,0.722823,0.722002,0.719542,0.715446,0.70972,0.702373,0.693413,0.682852,0.670703,0.656978,0.641689,0.624845,0.606453,0.586514,0.565021,0.541955,0.51728,0.490933,0.46281,0.43275,0.400487,0.365583,0.327265,0.284005,0.232103,,,,,,,,,,,,,,,,
44400,1.24533,0.708427,0.707625,0.705222,0.701221,0.695628,0.68845,0.679696,0.669378,0.657506,0.644091,0.629146,0.612678,0.594692,0.575189,0.554161,0.531586,0.507427,0.481618,0.454055,0.424572,0.392901,0.358597,0.320871,0.278159,0.226614,,,,,,,,,,,,,,,,
45000,1.244,0.694482,0.693699,0.691352,0.687443,0.681978,0.674964,0.66641,0.656326,0.644721,0.631608,0.616996,0.600892,0.583301,0.564221,0.543642,0.521543,0.497883,0.472597,0.445577,0.416654,0.385557,0.351835,0.314683,0.2725,0.221286,,,,,,,,,,,,,,,,
45600,1.24267,0.680974,0.680209,0.677915,0.674095,0.668754,0.661899,0.653538,0.643681,0.632336,0.619515,0.605226,0.589475,0.572266,0.553595,0.533453,0.511815,0.488639,0.463859,0.437365,0.408986,0.378447,0.345288,0.308694,0.267022,0.216113,,,,,,,,,,,,,,,,
46200,1.24133,0.667885,0.667137,0.664895,0.661161,0.655941,0.64924,0.641066,0.631429,0.620336,0.607798,0.593822,0.578413,0.561573,0.5433,0.52358,0.502389,0.479683,0.455394,0.429411,0.401559,0.37156,0.33895,0.302896,0.261719,0.21109,,,,,,,,,,,,,,,,
46800,1.24,0.655202,0.654471,0.652279,0.648629,0.643525,0.636973,0.628981,0.619556,0.608708,0.596443,0.58277,0.567692,0.551212,0.533323,0.514013,0.493255,0.471006,0.447193,0.421705,0.394365,0.364891,0.332812,0.297282,0.256582,0.206209,,,,,,,,,,,,,,,,
47400,1.23867,0.642909,0.642194,0.640051,0.636482,0.631491,0.625084,0.617267,0.608049,0.597437,0.585438,0.572058,0.557302,0.541169,0.523654,0.504741,0.484403,0.462596,0.439245,0.414238,0.387395,0.358431,0.326868,0.291847,0.251607,0.201465,,,,,,,,,,,,,,,,
48000,1.23733,0.630994,0.630295,0.628198,0.624708,0.619826,0.613559,0.605913,0.596895,0.586511,0.57477,0.561675,0.54723,0.531434,0.51428,0.495753,0.475823,0.454444,0.431542,0.407001,0.380641,0.352171,0.32111,0.286582,0.246786,0.196846,,,,,,,,,,,,,,,,
48600,1.236,0.619442,0.618758,0.616708,0.613293,0.608517,0.602386,0.594905,0.58608,0.575919,0.564427,0.551608,0.537465,0.521996,0.505193,0.487039,0.467504,0.446541,0.424075,0.399987,0.374095,0.346106,0.315531,0.281483,0.242115,0.19235,,,,,,,,,,,,,,,,
49200,1.235,0.608244,0.607575,0.60557,0.602231,0.597561,0.591564,0.584247,0.575615,0.565674,0.554429,0.541884,0.528041,0.512897,0.496443,0.478661,0.459521,0.438973,0.416941,0.393307,0.367886,0.340383,0.310305,0.276754,0.237853,0.188354,,,,,,,,,,,,,,,,
49800,1.234,0.59739,0.596736,0.594775,0.591509,0.58694,0.581075,0.573916,0.56547,0.555742,0.544737,0.532459,0.518906,0.504077,0.487961,0.47054,0.451781,0.431636,0.410027,0.386833,0.361869,0.334838,0.305242,0.272174,0.233722,0.184471,,,,,,,,,,,,,,,,
50400,1.233,0.586868,0.586228,0.58431,0.581114,0.576645,0.570905,0.5639,0.555635,0.546114,0.535341,0.52332,0.51005,0.495525,0.479737,0.462665,0.444277,0.424523,0.403322,0.380556,0.356036,0.329463,0.300335,0.267736,0.22972,0.18069,,,,,,,,,,,,,,,,
51000,1.23167,0.576663,0.576037,0.574158,0.571029,0.566653,0.561033,0.554173,0.546078,0.536753,0.5262,0.514422,0.501418,0.487182,0.471703,0.454961,0.436923,0.417536,0.396721,0.374355,0.35025,0.324103,0.295407,0.263229,0.225583,0.176628,,,,,,,,,,,,,,,,
51600,1.23033,0.566761,0.566148,0.564308,0.561244,0.556959,0.551454,0.544735,0.536806,0.52767,0.51733,0.505788,0.493042,0.479085,0.463907,0.447485,0.429785,0.410756,0.390314,0.368338,0.344636,0.318902,0.290625,0.258858,0.221566,0.172662,,,,,,,,,,,,,,,,
52200,1.229,0.557152,0.556551,0.554749,0.551748,0.54755,0.542158,0.535576,0.527807,0.518854,0.508721,0.497408,0.484912,0.471227,0.45634,0.440228,0.422858,0.404175,0.384096,0.362498,0.339188,0.313857,0.285986,0.254617,0.217666,0.168783,,,,,,,,,,,,,,,,
52800,1.228,0.547827,0.547239,0.545475,0.542536,0.538425,0.533145,0.526698,0.519089,0.51032,0.500393,0.489307,0.477061,0.463646,0.44905,0.433249,0.416207,0.397871,0.378157,0.356939,0.334024,0.309102,0.281651,0.2507,0.214133,0.165379,,,,,,,,,,,,,,,,
53400,1.227,0.53878,0.538204,0.536476,0.533598,0.529572,0.5244,0.518085,0.51063,0.502038,0.49231,0.481446,0.469441,0.456289,0.441975,0.426474,0.409752,0.391752,0.372392,0.351544,0.329013,0.304489,0.277443,0.246899,0.210703,0.162054,,,,,,,,,,,,,,,,
54000,1.226,0.529999,0.529435,0.527743,0.524924,0.520979,0.515912,0.509725,0.502421,0.494001,0.484466,0.473816,0.462046,0.449148,0.435107,0.419899,0.403486,0.385813,0.366796,0.346306,0.324149,0.30001,0.273361,0.243211,0.207372,0.158811,,,,,,,,,,,,,,,,
54600,1.225,0.521477,0.520924,0.519266,0.516504,0.512639,0.507674,0.50161,0.494451,0.486198,0.476851,0.466408,0.454866,0.442215,0.428439,0.413514,0.397402,0.380047,0.361362,0.341221,0.319426,0.295662,0.269396,0.23963,0.204139,0.155632,,,,,,,,,,,,,,,,
55200,1.224,0.513203,0.512661,0.511036,0.508329,0.504541,0.499675,0.493732,0.486714,0.478622,0.469457,0.459216,0.447894,0.435483,0.421964,0.407314,0.391494,0.374446,0.356085,0.336282,0.314839,0.29144,0.265547,0.236153,0.200994,0.152525,,,,,,,,,,,,,,,,
55800,1.223,0.505169,0.504638,0.503045,0.500392,0.496679,0.491908,0.486081,0.4792,0.471265,0.462276,0.452231,0.441123,0.428944,0.415675,0.401292,0.385755,0.369006,0.350959,0.331485,0.310384,0.287338,0.261808,0.232774,0.197939,0.149485,,,,,,,,,,,,,,,,
56400,1.22233,0.497369,0.496848,0.495287,0.492687,0.489048,0.484373,0.478662,0.471917,0.464139,0.455326,0.445475,0.434582,0.422634,0.409615,0.395498,0.380245,0.363796,0.346065,0.326922,0.306168,0.283484,0.258328,0.229679,0.195213,0.146912,,,,,,,,,,,,,,,,
57000,1.22167,0.489795,0.489285,0.487755,0.485207,0.48164,0.477057,0.471458,0.464846,0.457219,0.448576,0.438915,0.428229,0.416506,0.403729,0.389871,0.374893,0.358735,0.34131,0.322489,0.302072,0.279739,0.254948,0.226672,0.192566,0.144406,,,,,,,,,,,,,,,,
57600,1.221,0.482441,0.481941,0.480441,0.477942,0.474446,0.469952,0.464463,0.457978,0.450498,0.442021,0.432543,0.422057,0.410553,0.398011,0.384404,0.369693,0.353817,0.336691,0.318182,0.298091,0.2761,0.251664,0.22375,0.189991,0.141957,,,,,,,,,,,,,,,,
58200,1.22033,0.475297,0.474807,0.473336,0.470886,0.467458,0.463051,0.457667,0.451307,0.443969,0.435652,0.426352,0.416062,0.404768,0.392454,0.379091,0.364639,0.349038,0.3322,0.313995,0.294223,0.272563,0.248471,0.22091,0.18749,0.139562,,,,,,,,,,,,,,,,
58800,1.21967,0.468357,0.467876,0.466434,0.464031,0.460668,0.456346,0.451064,0.444824,0.437625,0.429464,0.420336,0.410235,0.399147,0.387054,0.373928,0.359727,0.344392,0.327835,0.309925,0.290461,0.269124,0.245367,0.218149,0.185057,0.137225,,,,,,,,,,,,,,,,
59400,1.219,0.461614,0.461142,0.459727,0.45737,0.454071,0.44983,0.444648,0.438525,0.431459,0.423449,0.414489,0.404571,0.393682,0.381804,0.368907,0.354951,0.339874,0.32359,0.305966,0.286803,0.265779,0.242348,0.215464,0.18269,0.134928,,,,,,,,,,,,,,,,
60000,1.21867,0.455061,0.454599,0.453211,0.4509,0.447664,0.443505,0.438422,0.432415,0.425483,0.417624,0.408831,0.399096,0.388407,0.376743,0.364077,0.350365,0.335549,0.31954,0.302205,0.283347,0.262645,0.239553,0.213026,0.180622,0.13312,,,,,,,,,,,,,,,,
60600,1.21833,0.448695,0.448241,0.44688,0.444613,0.441439,0.437358,0.432372,0.426478,0.419676,0.411962,0.403332,0.393775,0.383279,0.371824,0.359381,0.345907,0.331343,0.3156,0.298548,0.279986,0.259597,0.236834,0.210655,0.17861,0.131363,,,,,,,,,,,,,,,,
61200,1.218,0.442508,0.442063,0.440728,0.438503,0.435388,0.431384,0.426491,0.420707,0.414031,0.406459,0.397986,0.388602,0.378293,0.36704,0.354814,0.341571,0.327252,0.311769,0.29499,0.276717,0.256631,0.234189,0.208348,0.176654,0.129643,,,,,,,,,,,,,,,,
61800,1.21733,0.436492,0.436055,0.434744,0.432559,0.429501,0.42557,0.420764,0.415083,0.408526,0.401087,0.392762,0.38354,0.373408,0.362345,0.350322,0.337297,0.323207,0.307966,0.291442,0.273436,0.25363,0.231479,0.205936,0.174524,0.127528,,,,,,,,,,,,,,,,
62400,1.21667,0.430639,0.43021,0.428923,0.426777,0.423774,0.419912,0.415192,0.409612,0.403169,0.39586,0.387678,0.378614,0.368654,0.357776,0.34595,0.333135,0.319269,0.304263,0.287987,0.27024,0.250707,0.228839,0.203586,0.172449,0.125462,,,,,,,,,,,,,,,,
63000,1.216,0.424945,0.424523,0.423259,0.421151,0.418201,0.414407,0.40977,0.404287,0.397956,0.390773,0.382731,0.37382,0.364026,0.353327,0.341694,0.329083,0.315434,0.300657,0.284621,0.267128,0.247859,0.226267,0.201296,0.170425,0.123413,,,,,,,,,,,,,,,,
63600,1.21533,0.419403,0.418989,0.417747,0.415676,0.412777,0.409049,0.404492,0.399104,0.392881,0.38582,0.377914,0.369152,0.359519,0.348995,0.337548,0.325137,0.311698,0.297144,0.281343,0.264096,0.245084,0.22376,0.199064,0.168453,0.121409,,,,,,,,,,,,,,,,
64200,1.21467,0.414008,0.413601,0.412381,0.410346,0.407497,0.403833,0.399354,0.394057,0.38794,0.380998,0.373223,0.364606,0.35513,0.344776,0.333511,0.321292,0.308059,0.293721,0.278148,0.26114,0.242379,0.221316,0.196888,0.166526,0.119418,,,,,,,,,,,,,,,,
64800,1.214,0.408756,0.408356,0.407156,0.405156,0.402356,0.398754,0.394351,0.389143,0.383128,0.376301,0.368655,0.360178,0.350855,0.340665,0.329577,0.317546,0.304512,0.290385,0.275034,0.258259,0.239742,0.218934,0.194766,0.164647,0.11746,,,,,,,,,,,,,,,,
65400,1.21367,0.403642,0.403249,0.40207,0.400105,0.397353,0.393814,0.389487,0.384369,0.378457,0.371745,0.364227,0.355892,0.346723,0.336698,0.325788,0.313947,0.301115,0.287201,0.272076,0.255541,0.237277,0.216737,0.192854,0.163032,0.116007,,,,,,,,,,,,,,,,
66000,1.21333,0.398663,0.398277,0.397119,0.395187,0.392483,0.389005,0.384751,0.37972,0.373908,0.367309,0.359916,0.351717,0.342697,0.332834,0.322096,0.31044,0.297804,0.284099,0.269194,0.252891,0.234874,0.214595,0.190989,0.161455,0.114567,,,,,,,,,,,,,,,,
66600,1.213,0.393816,0.393436,0.392297,0.390399,0.38774,0.384321,0.380139,0.375192,0.369477,0.362987,0.355715,0.34765,0.338775,0.329069,0.318499,0.307023,0.294577,0.281074,0.266384,0.250307,0.23253,0.212506,0.18917,0.159917,0.113159,,,,,,,,,,,,,,,,
67200,1.21267,0.389094,0.388721,0.387601,0.385735,0.383121,0.379759,0.375646,0.370782,0.36516,0.358777,0.351623,0.343687,0.334953,0.325399,0.314993,0.303691,0.291431,0.278125,0.263643,0.247787,0.230243,0.210467,0.187396,0.158417,0.111784,,,,,,,,,,,,,,,,
67800,1.21233,0.384494,0.384127,0.383026,0.381191,0.37862,0.375314,0.371269,0.366484,0.360954,0.354673,0.347634,0.339824,0.331228,0.321822,0.311574,0.300442,0.288363,0.275249,0.260969,0.245328,0.228012,0.208478,0.185664,0.156953,0.110441,,,,,,,,,,,,,,,,
68400,1.212,0.380012,0.379651,0.378568,0.376763,0.374235,0.370982,0.367003,0.362295,0.356854,0.350674,0.343746,0.336059,0.327596,0.318333,0.308241,0.297274,0.28537,0.272442,0.258361,0.242929,0.225835,0.206536,0.183972,0.155524,0.109118,,,,,,,,,,,,,,,,
69000,1.21167,0.375643,0.375288,0.374223,0.372447,0.36996,0.36676,0.362845,0.358212,0.352858,0.346775,0.339955,0.332387,0.324054,0.314931,0.304989,0.294183,0.282451,0.269704,0.255815,0.240587,0.223708,0.20464,0.182321,0.154126,0.107806,,,,,,,,,,,,,,,,
69600,1.21133,0.371385,0.371036,0.369987,0.36824,0.365792,0.362643,0.358791,0.354231,0.348961,0.342973,0.336259,0.328806,0.320599,0.311613,0.301817,0.291167,0.279601,0.267032,0.25333,0.2383,0.221632,0.202787,0.180707,0.152761,0.106522,,,,,,,,,,,,,,,,
70200,1.211,0.367233,0.366889,0.365857,0.364138,0.361729,0.358629,0.354837,0.350349,0.34516,0.339264,0.332653,0.325313,0.317228,0.308375,0.298721,0.288224,0.27682,0.264423,0.250903,0.236067,0.219605,0.200978,0.179131,0.151427,0.105265,,,,,,,,,,,,,,,,
70800,1.21067,0.363183,0.362845,0.361829,0.360136,0.357765,0.354714,0.35098,0.346561,0.341452,0.335646,0.329134,0.321904,0.313939,0.305215,0.2957,0.28535,0.274105,0.261875,0.248533,0.233886,0.217624,0.19921,0.17759,0.150124,0.104034,,,,,,,,,,,,,,,,
71400,1.21033,0.359233,0.3589,0.3579,0.356233,0.353899,0.350894,0.347218,0.342866,0.337834,0.332116,0.325701,0.318577,0.310728,0.30213,0.29275,0.282545,0.271453,0.259387,0.246218,0.231755,0.215688,0.197483,0.176084,0.148848,0.102802,,,,,,,,,,,,,,,,
72000,1.21,0.355379,0.35505,0.354066,0.352425,0.350126,0.347167,0.343547,0.33926,0.334304,0.32867,0.32235,0.31533,0.307594,0.299118,0.28987,0.279805,0.268863,0.256956,0.243957,0.229672,0.213796,0.195793,0.174611,0.1476,0.101587,,,,,,,,,,,,,,,,
72600,1.20967,0.351617,0.351294,0.350325,0.348708,0.346444,0.34353,0.339963,0.335741,0.330858,0.325306,0.319078,0.31216,0.304534,0.296177,0.287057,0.277129,0.266333,0.254581,0.241746,0.227637,0.211946,0.194141,0.17317,0.146379,0.100395,,,,,,,,,,,,,,,,
73200,1.20933,0.347946,0.347628,0.346673,0.34508,0.34285,0.339979,0.336465,0.332305,0.327493,0.322022,0.315883,0.309063,0.301545,0.293304,0.284308,0.274515,0.263861,0.25226,0.239586,0.225647,0.210137,0.192525,0.171761,0.145184,0.0992251,,,,,,,,,,,,,,,,
73800,1.209,0.344361,0.344048,0.343107,0.341538,0.339341,0.336512,0.333049,0.328949,0.324207,0.318815,0.312763,0.306039,0.298625,0.290497,0.281623,0.271959,0.261444,0.249991,0.237473,0.2237,0.208367,0.190945,0.170382,0.144015,0.0980688,,,,,,,,,,,,,,,,
74400,1.20867,0.340861,0.340552,0.339625,0.338079,0.335914,0.333126,0.329713,0.325672,0.320997,0.315681,0.309715,0.303084,0.295772,0.287754,0.278999,0.269462,0.259082,0.247772,0.235408,0.221797,0.206637,0.189398,0.169032,0.142868,0.0969002,,,,,,,,,,,,,,,,
75000,1.20833,0.337443,0.337138,0.336225,0.334701,0.332566,0.329818,0.326454,0.322471,0.317862,0.31262,0.306736,0.300197,0.292984,0.285073,0.276434,0.26702,0.256772,0.245603,0.233387,0.219935,0.204943,0.187884,0.16771,0.141745,0.0957518,,,,,,,,,,,,,,,,
75600,1.208,0.334103,0.333803,0.332902,0.3314,0.329296,0.326587,0.323271,0.319343,0.314798,0.309629,0.303825,0.297375,0.290258,0.282453,0.273926,0.264633,0.254513,0.243481,0.23141,0.218113,0.203285,0.186401,0.166415,0.140644,0.094623,,,,,,,,,,,,,,,,
76200,1.20767,0.33084,0.330544,0.329656,0.328175,0.3261,0.323429,0.320159,0.316286,0.311804,0.306705,0.30098,0.294616,0.287594,0.27989,0.271473,0.262298,0.252304,0.241405,0.229476,0.216329,0.201662,0.18495,0.165147,0.139566,0.0935132,,,,,,,,,,,,,,,,
76800,1.20733,0.327651,0.327359,0.326484,0.325023,0.322977,0.320343,0.317118,0.313298,0.308876,0.303847,0.298198,0.291918,0.284988,0.277384,0.269074,0.260014,0.250142,0.239373,0.227583,0.214583,0.200073,0.183529,0.163905,0.13851,0.0923878,,,,,,,,,,,,,,,,
77400,1.207,0.324534,0.324246,0.323382,0.321942,0.319924,0.317326,0.314145,0.310376,0.306014,0.301052,0.295478,0.28928,0.28244,0.274933,0.266727,0.257779,0.248026,0.237385,0.22573,0.212874,0.198517,0.182136,0.162688,0.137472,0.0912609,,,,,,,,,,,,,,,,
78000,1.20667,0.321486,0.321202,0.32035,0.31893,0.316939,0.314376,0.311238,0.307519,0.303215,0.298318,0.292818,0.2867,0.279947,0.272535,0.264431,0.255592,0.245956,0.235438,0.223916,0.2112,0.196993,0.180772,0.161494,0.136454,0.0901511,,,,,,,,,,,,,,,,
78600,1.20633,0.318506,0.318226,0.317386,0.315984,0.31402,0.311491,0.308395,0.304725,0.300478,0.295645,0.290215,0.284175,0.277508,0.270188,0.262184,0.253451,0.243929,0.233533,0.222139,0.209561,0.195499,0.179435,0.160324,0.135456,0.089058,,,,,,,,,,,,,,,,
79200,1.206,0.315591,0.315315,0.314486,0.313103,0.311165,0.30867,0.305613,0.301992,0.2978,0.293029,0.287668,0.281705,0.275121,0.267891,0.259984,0.251355,0.241944,0.231666,0.220399,0.207954,0.194036,0.178124,0.159177,0.134477,0.0879749,,,,,,,,,,,,,,,,
79800,1.206,0.312741,0.312468,0.31165,0.310287,0.308375,0.305913,0.302899,0.299326,0.29519,0.290482,0.285192,0.279307,0.272808,0.26567,0.257862,0.24934,0.240044,0.229889,0.218752,0.206449,0.192683,0.176938,0.158179,0.133704,0.0875101,,,,,,,,,,,,,,,,
80400,1.206,0.309953,0.309684,0.308878,0.307532,0.305646,0.303218,0.300243,0.296718,0.292637,0.287991,0.28277,0.276961,0.270544,0.263497,0.255786,0.247368,0.238184,0.228148,0.21714,0.204974,0.191357,0.175776,0.157201,0.132945,0.0870563,,,,,,,,,,,,,,,,
81000,1.206,0.307227,0.306962,0.306166,0.304838,0.302978,0.300581,0.297646,0.294167,0.290139,0.285554,0.2804,0.274665,0.268329,0.26137,0.253754,0.245438,0.236362,0.226444,0.21556,0.203529,0.190058,0.174637,0.156242,0.132201,0.0866136,,,,,,,,,,,,,,,,
81600,1.20567,0.304559,0.304297,0.303511,0.302201,0.300363,0.297997,0.295099,0.291664,0.287685,0.283156,0.278065,0.272399,0.266138,0.25926,0.251732,0.243511,0.234537,0.224725,0.213956,0.202047,0.188706,0.173424,0.155177,0.131289,0.0855203,,,,,,,,,,,,,,,,
82200,1.20533,0.301947,0.301689,0.300913,0.299618,0.297804,0.295467,0.292605,0.289212,0.285282,0.280808,0.275778,0.270179,0.263992,0.257194,0.249752,0.241623,0.232747,0.223041,0.212384,0.200594,0.18738,0.172234,0.154133,0.130391,0.0844417,,,,,,,,,,,,,,,,
82800,1.205,0.29939,0.299135,0.298368,0.29709,0.295298,0.29299,0.290162,0.286811,0.282928,0.278508,0.273538,0.268005,0.26189,0.25517,0.247812,0.239773,0.230993,0.221389,0.210842,0.199168,0.186079,0.171066,0.153107,0.12951,0.0833769,,,,,,,,,,,,,,,,
83400,1.205,0.296886,0.296634,0.295877,0.294615,0.292846,0.290568,0.287776,0.284466,0.280633,0.276267,0.271358,0.265892,0.259851,0.253211,0.24594,0.237994,0.229314,0.219817,0.209384,0.197834,0.184879,0.170013,0.152221,0.128825,0.0829811,,,,,,,,,,,,,,,,
84000,1.205,0.294435,0.294186,0.293439,0.292193,0.290446,0.288196,0.285439,0.282171,0.278384,0.274072,0.269223,0.263823,0.257855,0.251293,0.244106,0.23625,0.227668,0.218276,0.207955,0.196526,0.183702,0.168981,0.151351,0.128152,0.0825941,,,,,,,,,,,,,,,,
84600,1.205,0.292035,0.291789,0.291051,0.289821,0.288096,0.285874,0.283151,0.279923,0.276183,0.271923,0.267132,0.261797,0.255898,0.249413,0.242308,0.234542,0.226055,0.216765,0.206554,0.195243,0.182547,0.167967,0.150498,0.127492,0.0822161,,,,,,,,,,,,,,,,
85200,1.20467,0.289684,0.289441,0.288712,0.287496,0.285791,0.283595,0.280904,0.277713,0.274016,0.269805,0.265069,0.259793,0.25396,0.247546,0.240518,0.232833,0.224434,0.215238,0.205127,0.193922,0.18134,0.166881,0.149542,0.126667,0.0811976,,,,,,,,,,,,,,,,
85800,1.20433,0.287379,0.287139,0.286419,0.285217,0.283532,0.281362,0.278702,0.275547,0.271893,0.267729,0.263046,0.257829,0.25206,0.245715,0.238761,0.231157,0.222844,0.213739,0.203726,0.192626,0.180154,0.165815,0.148603,0.125857,0.0801358,,,,,,,,,,,,,,,,
86400,1.204,0.285121,0.284884,0.284171,0.282984,0.281318,0.279172,0.276543,0.273424,0.269811,0.265694,0.261062,0.255903,0.250196,0.243919,0.237038,0.229513,0.221283,0.212268,0.202351,0.191352,0.17899,0.164767,0.14768,0.125059,0.0790399,,,,,,,,,,,,,,,,
87000,1.204,0.282907,0.282673,0.281969,0.280795,0.27915,0.27703,0.274431,0.271349,0.267778,0.263709,0.259131,0.25403,0.248388,0.24218,0.235376,0.227932,0.21979,0.210869,0.201052,0.190163,0.177919,0.163827,0.146889,0.124448,0.0787012,,,,,,,,,,,,,,,,
87600,1.204,0.280738,0.280506,0.279811,0.278651,0.277025,0.274929,0.272361,0.269316,0.265786,0.261763,0.257237,0.252194,0.246615,0.240476,0.233746,0.226381,0.218325,0.209496,0.199778,0.188995,0.176867,0.162904,0.146111,0.123847,0.0783696,,,,,,,,,,,,,,,,
88200,1.204,0.278611,0.278382,0.277695,0.276549,0.274942,0.272871,0.270333,0.267322,0.263832,0.259856,0.255381,0.250394,0.244876,0.238804,0.232146,0.22486,0.216888,0.208149,0.198527,0.187849,0.175835,0.161997,0.145347,0.123257,0.0780453,,,,,,,,,,,,,,,,
88800,1.20367,0.276526,0.2763,0.27562,0.274487,0.272897,0.270849,0.268338,0.26536,0.261908,0.257974,0.253546,0.248612,0.243151,0.237141,0.23055,0.223335,0.21544,0.206783,0.197249,0.186665,0.17475,0.161019,0.144483,0.122506,0.0769889,,,,,,,,,,,,,,,,
89400,1.20333,0.274481,0.274257,0.273585,0.272463,0.270891,0.268865,0.266381,0.263435,0.26002,0.256127,0.251746,0.246863,0.241458,0.235509,0.228983,0.221838,0.214018,0.205442,0.195994,0.1855,0.173684,0.160058,0.143633,0.121767,0.0759438,,,,,,,,,,,,,,,,
90000,1.203,0.272474,0.272252,0.271587,0.270478,0.268923,0.266918,0.264461,0.261546,0.258167,0.254315,0.249979,0.245146,0.239796,0.233906,0.227444,0.220368,0.212622,0.204124,0.19476,0.184357,0.172636,0.159112,0.142797,0.121039,0.0749059,,,,,,,,,,,,,,,,
90600,1.203,0.270505,0.270286,0.269628,0.268532,0.266994,0.265012,0.262582,0.259699,0.256357,0.252547,0.248258,0.243476,0.238183,0.232354,0.225959,0.218955,0.211286,0.202871,0.193597,0.18329,0.171675,0.158268,0.142086,0.120491,0.0746154,,,,,,,,,,,,,,,,
91200,1.203,0.268573,0.268357,0.267707,0.266622,0.265101,0.263141,0.260738,0.257886,0.254581,0.250812,0.246568,0.241837,0.236599,0.230831,0.224501,0.217568,0.209974,0.201641,0.192454,0.182242,0.17073,0.157437,0.141386,0.119952,0.0743308,,,,,,,,,,,,,,,,
91800,1.203,0.266678,0.266464,0.265821,0.264748,0.263244,0.261305,0.258928,0.256108,0.252837,0.249109,0.24491,0.240229,0.235045,0.229336,0.22307,0.216206,0.208686,0.200433,0.191332,0.181212,0.169802,0.156621,0.140699,0.119422,0.0740522,,,,,,,,,,,,,,,,
92400,1.203,0.264819,0.264607,0.263971,0.26291,0.261422,0.259504,0.257152,0.254362,0.251127,0.247437,0.243283,0.23865,0.233519,0.227868,0.221665,0.214868,0.207421,0.199245,0.190229,0.1802,0.168889,0.155819,0.140022,0.1189,0.0737795,,,,,,,,,,,,,,,,
93000,1.203,0.262994,0.262784,0.262155,0.261106,0.259633,0.257736,0.255409,0.252649,0.249447,0.245796,0.241685,0.237099,0.232021,0.226426,0.220284,0.213553,0.206178,0.198079,0.189145,0.179206,0.167992,0.155029,0.139357,0.118387,0.0735124,,,,,,,,,,,,,,,,
93600,1.203,0.261203,0.260995,0.260373,0.259334,0.257878,0.256001,0.253698,0.250967,0.247798,0.244185,0.240116,0.235577,0.230549,0.22501,0.218928,0.212262,0.204956,0.196933,0.188079,0.178228,0.16711,0.154253,0.138702,0.117882,0.0732509,,,,,,,,,,,,,,,,
94200,1.203,0.259444,0.259239,0.258623,0.257596,0.256154,0.254297,0.252018,0.249315,0.246179,0.242603,0.238575,0.234081,0.229104,0.223619,0.217596,0.210994,0.203756,0.195806,0.187032,0.177266,0.166242,0.15349,0.138058,0.117385,0.0729946,,,,,,,,,,,,,,,,
94800,1.203,0.257718,0.257515,0.256905,0.255888,0.254462,0.252623,0.250369,0.247693,0.244589,0.241049,0.237062,0.232613,0.227684,0.222252,0.216287,0.209747,0.202577,0.194698,0.186002,0.176321,0.165389,0.152739,0.137424,0.116896,0.0727436,,,,,,,,,,,,,,,,
95400,1.203,0.256022,0.255821,0.255218,0.254212,0.2528,0.25098,0.248749,0.2461,0.243028,0.239523,0.235575,0.23117,0.226289,0.22091,0.215001,0.208522,0.201417,0.19361,0.18499,0.175391,0.164549,0.151999,0.1368,0.116415,0.0724975,,,,,,,,,,,,,,,,
96000,1.20267,0.254356,0.254157,0.25356,0.252563,0.251165,0.249363,0.247153,0.244529,0.241486,0.238014,0.234102,0.229737,0.224901,0.219569,0.213712,0.207289,0.200244,0.1925,0.183949,0.174423,0.163659,0.151193,0.136082,0.115782,0.0713816,,,,,,,,,,,,,,,,
96600,1.20233,0.252719,0.252522,0.251931,0.250943,0.249559,0.247774,0.245584,0.242985,0.23997,0.23653,0.232654,0.228329,0.223536,0.218251,0.212445,0.206076,0.19909,0.191409,0.182924,0.17347,0.162783,0.150399,0.135375,0.115157,0.0702752,,,,,,,,,,,,,,,,
97200,1.202,0.25111,0.250915,0.250329,0.249351,0.247979,0.246211,0.244042,0.241467,0.23848,0.235071,0.231231,0.226944,0.222193,0.216955,0.211199,0.204883,0.197954,0.190335,0.181916,0.172532,0.16192,0.149617,0.134678,0.11454,0.0691782,,,,,,,,,,,,,,,,
97800,1.202,0.249529,0.249335,0.248755,0.247787,0.246429,0.244678,0.24253,0.23998,0.237022,0.233646,0.229842,0.225596,0.22089,0.2157,0.209996,0.203737,0.196869,0.189316,0.180968,0.171661,0.161133,0.148924,0.134093,0.114089,0.0689584,,,,,,,,,,,,,,,,
98400,1.202,0.247974,0.247783,0.247209,0.24625,0.244905,0.243171,0.241044,0.238519,0.235589,0.232245,0.228478,0.224271,0.219608,0.214466,0.208813,0.20261,0.195802,0.188314,0.180035,0.170804,0.160359,0.148242,0.133517,0.113646,0.0687426,,,,,,,,,,,,,,,,
99000,1.202,0.246447,0.246258,0.245689,0.244739,0.243407,0.24169,0.239584,0.237083,0.23418,0.230868,0.227136,0.222968,0.218348,0.213252,0.20765,0.201502,0.194752,0.187327,0.179117,0.16996,0.159597,0.14757,0.13295,0.113208,0.0685311,,,,,,,,,,,,,,,,
99600,1.202,0.244946,0.244758,0.244195,0.243254,0.241935,0.240234,0.238148,0.235671,0.232796,0.229514,0.225816,0.221687,0.217109,0.212059,0.206506,0.200411,0.19372,0.186356,0.178214,0.16913,0.158846,0.146908,0.132391,0.112778,0.0683237,,,,,,,,,,,,,,,,
100200,1.202,0.24347,0.243284,0.242726,0.241795,0.240488,0.238803,0.236736,0.234282,0.231434,0.228183,0.224519,0.220427,0.21589,0.210885,0.205381,0.199338,0.192703,0.185401,0.177324,0.168312,0.158107,0.146257,0.13184,0.112353,0.0681203,,,,,,,,,,,,,,,,
100800,1.202,0.242019,0.241834,0.241282,0.240359,0.239065,0.237396,0.235348,0.232917,0.230095,0.226874,0.223243,0.219188,0.214691,0.209729,0.204273,0.198282,0.191703,0.184461,0.176449,0.167507,0.157379,0.145615,0.131298,0.111935,0.0679208,,,,,,,,,,,,,,,,
101400,1.202,0.240592,0.240409,0.239862,0.238948,0.237665,0.236012,0.233983,0.231574,0.228778,0.225586,0.221987,0.217969,0.213511,0.208593,0.203184,0.197243,0.190719,0.183535,0.175587,0.166714,0.156662,0.144983,0.130763,0.111523,0.0677252,,,,,,,,,,,,,,,,
102000,1.202,0.239188,0.239008,0.238465,0.237559,0.236289,0.234651,0.23264,0.230253,0.227482,0.224319,0.220753,0.216769,0.212351,0.207475,0.202111,0.196221,0.189749,0.182624,0.174739,0.165934,0.155956,0.14436,0.130237,0.111116,0.0675332,,,,,,,,,,,,,,,,
102600,1.202,0.237808,0.237629,0.237091,0.236194,0.234935,0.233312,0.23132,0.228954,0.226208,0.223072,0.219537,0.215589,0.211209,0.206374,0.201056,0.195214,0.188795,0.181727,0.173903,0.165165,0.15526,0.143746,0.129717,0.110715,0.0673449,,,,,,,,,,,,,,,,
103200,1.202,0.23645,0.236273,0.23574,0.234851,0.233603,0.231994,0.23002,0.227675,0.224954,0.221846,0.218342,0.214427,0.210084,0.205291,0.200017,0.194223,0.187856,0.180844,0.17308,0.164407,0.154575,0.143141,0.129206,0.11032,0.06716,,,,,,,,,,,,,,,,
103800,1.202,0.235114,0.234938,0.23441,0.233529,0.232293,0.230698,0.228742,0.226418,0.22372,0.220639,0.217165,0.213284,0.208978,0.204225,0.198994,0.193247,0.186931,0.179973,0.172269,0.163661,0.1539,0.142545,0.128701,0.109931,0.0669785,,,,,,,,,,,,,,,,
104400,1.202,0.2338,0.233625,0.233102,0.232229,0.231003,0.229423,0.227483,0.22518,0.222505,0.219451,0.216007,0.212159,0.207889,0.203175,0.197987,0.192286,0.18602,0.179117,0.171471,0.162926,0.153234,0.141958,0.128204,0.109546,0.0668003,,,,,,,,,,,,,,,,
105000,1.20167,0.232506,0.232333,0.231814,0.230948,0.229732,0.228165,0.226241,0.223956,0.221303,0.218274,0.214857,0.211038,0.206801,0.202123,0.196974,0.191315,0.185094,0.178238,0.170644,0.162154,0.152521,0.141307,0.127619,0.10902,0.0657903,,,,,,,,,,,,,,,,
105600,1.20133,0.231232,0.23106,0.230545,0.229686,0.228481,0.226926,0.225018,0.222751,0.220119,0.217114,0.213723,0.209935,0.20573,0.201087,0.195976,0.190358,0.184181,0.177372,0.169828,0.161393,0.151818,0.140665,0.127041,0.108501,0.0646328,,,,,,,,,,,,,,,,
106200,1.201,0.229977,0.229807,0.229296,0.228444,0.227248,0.225706,0.223813,0.221564,0.218953,0.215971,0.212607,0.208847,0.204675,0.200066,0.194992,0.189415,0.183281,0.176519,0.169024,0.160642,0.151124,0.140031,0.126471,0.107987,0.0633318,,,,,,,,,,,,,,,,
106800,1.201,0.228741,0.228573,0.228066,0.227222,0.226036,0.224507,0.22263,0.2204,0.217811,0.214853,0.211517,0.207788,0.203649,0.199078,0.194044,0.18851,0.182423,0.175711,0.168271,0.159948,0.150495,0.139477,0.126002,0.107625,0.0631755,,,,,,,,,,,,,,,,
107400,1.201,0.227525,0.227358,0.226856,0.226018,0.224842,0.223326,0.221465,0.219254,0.216686,0.213753,0.210444,0.206745,0.202639,0.198104,0.193109,0.187618,0.181577,0.174915,0.167529,0.159265,0.149876,0.13893,0.125538,0.107268,0.0630219,,,,,,,,,,,,,,,,
108000,1.201,0.226327,0.226161,0.225664,0.224833,0.223667,0.222163,0.220318,0.218125,0.215578,0.212669,0.209387,0.205718,0.201644,0.197145,0.192189,0.186739,0.180743,0.17413,0.166797,0.158591,0.149265,0.13839,0.125082,0.106916,0.0628713,,,,,,,,,,,,,,,,
108600,1.201,0.225147,0.224983,0.22449,0.223666,0.22251,0.221018,0.219188,0.217013,0.214487,0.211602,0.208346,0.204706,0.200664,0.196199,0.191282,0.185873,0.179922,0.173356,0.166075,0.157926,0.148663,0.137858,0.124631,0.106568,0.0627235,,,,,,,,,,,,,,,,
109200,1.201,0.223986,0.223823,0.223333,0.222516,0.22137,0.219891,0.218075,0.215918,0.213412,0.21055,0.20732,0.203709,0.199699,0.195268,0.190388,0.185019,0.179112,0.172594,0.165364,0.15727,0.148069,0.137333,0.124186,0.106225,0.0625784,,,,,,,,,,,,,,,,
109800,1.201,0.222842,0.22268,0.222194,0.221384,0.220247,0.21878,0.216979,0.214839,0.212354,0.209514,0.206309,0.202726,0.198747,0.19435,0.189507,0.184178,0.178314,0.171842,0.164663,0.156624,0.147484,0.136815,0.123747,0.105886,0.062436,,,,,,,,,,,,,,,,
110400,1.201,0.221714,0.221554,0.221073,0.220269,0.219141,0.217686,0.215899,0.213776,0.21131,0.208493,0.205313,0.201758,0.19781,0.193446,0.188638,0.183349,0.177527,0.171101,0.163971,0.155987,0.146906,0.136304,0.123314,0.105552,0.0622963,,,,,,,,,,,,,,,,
111000,1.201,0.220604,0.220445,0.219967,0.21917,0.218051,0.216607,0.214835,0.212729,0.210283,0.207487,0.204332,0.200804,0.196885,0.192554,0.187782,0.182531,0.176751,0.17037,0.163289,0.155358,0.146336,0.1358,0.122886,0.105221,0.0621591,,,,,,,,,,,,,,,,
111600,1.201,0.21951,0.219352,0.218878,0.218087,0.216977,0.215545,0.213787,0.211697,0.20927,0.206496,0.203365,0.199863,0.195974,0.191676,0.186938,0.181725,0.175986,0.169649,0.162616,0.154738,0.145773,0.135302,0.122464,0.104895,0.0620244,,,,,,,,,,,,,,,,
112200,1.201,0.218432,0.218275,0.217805,0.217021,0.215919,0.214498,0.212753,0.21068,0.208271,0.205519,0.202412,0.198936,0.195076,0.190809,0.186106,0.18093,0.175231,0.168938,0.161953,0.154126,0.145218,0.134811,0.122048,0.104573,0.0618922,,,,,,,,,,,,,,,,
112800,1.201,0.21737,0.217214,0.216748,0.215969,0.214876,0.213466,0.211735,0.209678,0.207287,0.204556,0.201472,0.198023,0.194191,0.189955,0.185286,0.180147,0.174487,0.168237,0.161298,0.153522,0.14467,0.134326,0.121636,0.104255,0.0617623,,,,,,,,,,,,,,,,
113400,1.201,0.216322,0.216168,0.215705,0.214933,0.213848,0.212449,0.210731,0.20869,0.206317,0.203606,0.200545,0.197122,0.193318,0.189112,0.184477,0.179374,0.173753,0.167545,0.160652,0.152926,0.14413,0.133848,0.12123,0.103941,0.0616347,,,,,,,,,,,,,,,,
114000,1.201,0.21529,0.215137,0.214678,0.213911,0.212835,0.211447,0.209742,0.207716,0.205361,0.20267,0.199632,0.196233,0.192457,0.188282,0.183679,0.178611,0.173029,0.166863,0.160015,0.152338,0.143596,0.133375,0.120829,0.103631,0.0615094,,,,,,,,,,,,,,,,
114600,1.201,0.214273,0.214121,0.213665,0.212904,0.211836,0.210458,0.208766,0.206755,0.204418,0.201747,0.198731,0.195357,0.191608,0.187462,0.182892,0.177859,0.172315,0.16619,0.159386,0.151758,0.143069,0.132909,0.120433,0.103325,0.0613862,,,,,,,,,,,,,,,,
115200,1.201,0.21327,0.213119,0.212667,0.211912,0.210852,0.209484,0.207805,0.205808,0.203488,0.200837,0.197843,0.194493,0.190771,0.186654,0.182115,0.177117,0.17161,0.165525,0.158766,0.151185,0.14255,0.132449,0.120042,0.103022,0.0612652,,,,,,,,,,,,,,,,
115800,1.201,0.212281,0.212131,0.211682,0.210933,0.209881,0.208523,0.206856,0.204874,0.202572,0.199939,0.196967,0.193641,0.189945,0.185857,0.181349,0.176385,0.170914,0.16487,0.158153,0.15062,0.142036,0.131994,0.119656,0.102723,0.0611463,,,,,,,,,,,,,,,,
116400,1.201,0.211305,0.211157,0.210711,0.209967,0.208923,0.207576,0.205921,0.203954,0.201667,0.199054,0.196103,0.192801,0.18913,0.185071,0.180594,0.175663,0.170228,0.164223,0.157549,0.150062,0.14153,0.131545,0.119274,0.102428,0.0610294,,,,,,,,,,,,,,,,
117000,1.201,0.210344,0.210196,0.209754,0.209016,0.207979,0.206641,0.204998,0.203045,0.200776,0.198181,0.195251,0.191971,0.188327,0.184295,0.179848,0.17495,0.169551,0.163584,0.156952,0.149511,0.141029,0.131101,0.118897,0.102136,0.0609146,,,,,,,,,,,,,,,,
117600,1.201,0.209395,0.209249,0.20881,0.208077,0.207047,0.205719,0.204088,0.202149,0.199896,0.197319,0.19441,0.191153,0.187534,0.183529,0.179112,0.174246,0.168883,0.162954,0.156363,0.148967,0.140535,0.130663,0.118525,0.101847,0.0608016,,,,,,,,,,,,,,,,
118200,1.201,0.208459,0.208314,0.207878,0.20715,0.206129,0.20481,0.203191,0.201266,0.199028,0.19647,0.19358,0.190346,0.186751,0.182774,0.178386,0.173552,0.168223,0.162331,0.155781,0.14843,0.140047,0.130231,0.118157,0.101562,0.0606906,,,,,,,,,,,,,,,,
118800,1.201,0.207536,0.207392,0.206959,0.206237,0.205222,0.203913,0.202305,0.200394,0.198172,0.195631,0.192762,0.18955,0.185979,0.182028,0.17767,0.172867,0.167572,0.161717,0.155207,0.147899,0.139565,0.129803,0.117794,0.101281,0.0605814,,,,,,,,,,,,,,,,
119400,1.201,0.206626,0.206483,0.206053,0.205335,0.204328,0.203028,0.201432,0.199533,0.197327,0.194804,0.191954,0.188764,0.185217,0.181292,0.176962,0.17219,0.166929,0.16111,0.15464,0.147375,0.139089,0.129381,0.117434,0.101002,0.060474,,,,,,,,,,,,,,,,
120000,1.201,0.205727,0.205585,0.205159,0.204446,0.203446,0.202155,0.20057,0.198684,0.196493,0.193987,0.191157,0.187988,0.184465,0.180566,0.176264,0.171523,0.166294,0.160511,0.15408,0.146858,0.138618,0.128964,0.117079,0.100727,0.0603683,,,,,,,,,,,,,,,,
120600,1.201,0.204841,0.2047,0.204276,0.203569,0.202575,0.201293,0.199719,0.197847,0.19567,0.193181,0.19037,0.187222,0.183722,0.179849,0.175574,0.170863,0.165667,0.15992,0.153527,0.146347,0.138154,0.128551,0.116729,0.100455,0.0602644,,,,,,,,,,,,,,,,
121200,1.201,0.203966,0.203826,0.203405,0.202703,0.201716,0.200443,0.198879,0.19702,0.194858,0.192386,0.189593,0.186467,0.182989,0.179141,0.174894,0.170212,0.165048,0.159336,0.152981,0.145842,0.137695,0.128144,0.116382,0.100186,0.0601622,,,,,,,,,,,,,,,,
121800,1.201,0.203103,0.202964,0.202546,0.201848,0.200868,0.199604,0.198051,0.196204,0.194057,0.191601,0.188827,0.18572,0.182266,0.178442,0.174222,0.169569,0.164437,0.158759,0.152441,0.145343,0.137241,0.127742,0.116039,0.0999197,0.0600616,,,,,,,,,,,,,,,,
122400,1.201,0.202251,0.202113,0.201698,0.201005,0.200031,0.198776,0.197233,0.195398,0.193265,0.190826,0.18807,0.184984,0.181551,0.177752,0.173558,0.168934,0.163833,0.158189,0.151908,0.14485,0.136793,0.127344,0.1157,0.0996567,0.0599626,,,,,,,,,,,,,,,,
123000,1.201,0.20141,0.201273,0.20086,0.200172,0.199205,0.197958,0.196425,0.194603,0.192484,0.190061,0.187323,0.184256,0.180846,0.177071,0.172903,0.168307,0.163237,0.157626,0.151381,0.144363,0.13635,0.12695,0.115365,0.0993966,0.0598652,,,,,,,,,,,,,,,,
123600,1.201,0.20058,0.200443,0.200034,0.19935,0.19839,0.197151,0.195628,0.193818,0.191713,0.189306,0.186585,0.183538,0.180149,0.176398,0.172255,0.167688,0.162648,0.15707,0.150861,0.143882,0.135912,0.126562,0.115034,0.0991394,0.0597693,,,,,,,,,,,,,,,,
124200,1.201,0.19976,0.199624,0.199218,0.198538,0.197585,0.196354,0.194841,0.193043,0.190952,0.18856,0.185856,0.182829,0.179462,0.175733,0.171616,0.167076,0.162066,0.15652,0.150347,0.143407,0.135479,0.126177,0.114706,0.0988851,0.0596749,,,,,,,,,,,,,,,,
124800,1.20067,0.198951,0.198816,0.198412,0.197736,0.196788,0.195565,0.194061,0.192274,0.190195,0.187816,0.185129,0.182119,0.17877,0.175062,0.170968,0.166452,0.161468,0.15595,0.149806,0.142898,0.135005,0.125738,0.114303,0.0985062,0.0585688,,,,,,,,,,,,,,,,
125400,1.20033,0.198151,0.198017,0.197615,0.196944,0.196002,0.194785,0.193291,0.191513,0.189447,0.187082,0.18441,0.181417,0.178087,0.174399,0.170327,0.165835,0.160876,0.155386,0.149271,0.142395,0.134535,0.125304,0.113904,0.098131,0.0574727,,,,,,,,,,,,,,,,
126000,1.2,0.197361,0.197228,0.196828,0.196161,0.195224,0.194015,0.192529,0.190762,0.188707,0.186357,0.183699,0.180723,0.177412,0.173744,0.169693,0.165225,0.160291,0.154828,0.148743,0.141897,0.13407,0.124874,0.113508,0.0977594,0.0563865,,,,,,,,,,,,,,,,
126600,1.2,0.19658,0.196448,0.196051,0.195388,0.194457,0.193256,0.19178,0.190024,0.187982,0.185646,0.183005,0.180047,0.176756,0.17311,0.169084,0.164641,0.159736,0.154304,0.148252,0.141443,0.133657,0.124507,0.113196,0.0975172,0.0563111,,,,,,,,,,,,,,,,
127200,1.2,0.195809,0.195678,0.195284,0.194625,0.1937,0.192506,0.19104,0.189295,0.187265,0.184944,0.182319,0.17938,0.176108,0.172484,0.168481,0.164065,0.159188,0.153786,0.147767,0.140994,0.133248,0.124144,0.112887,0.0972776,0.0562369,,,,,,,,,,,,,,,,
127800,1.2,0.195048,0.194918,0.194526,0.193871,0.192952,0.191766,0.190308,0.188574,0.186558,0.18425,0.181642,0.17872,0.175468,0.171866,0.167886,0.163495,0.158645,0.153273,0.147287,0.14055,0.132844,0.123785,0.112581,0.0970405,0.0561639,,,,,,,,,,,,,,,,
128400,1.2,0.194296,0.194166,0.193777,0.193127,0.192213,0.191034,0.189586,0.187863,0.185858,0.183565,0.180973,0.178068,0.174836,0.171254,0.167298,0.162932,0.15811,0.152767,0.146813,0.140112,0.132445,0.12343,0.112278,0.0968059,0.0560923,,,,,,,,,,,,,,,,
129000,1.2,0.193553,0.193424,0.193037,0.192391,0.191483,0.190312,0.188872,0.18716,0.185168,0.182888,0.180311,0.177424,0.174211,0.17065,0.166717,0.162375,0.15758,0.152267,0.146345,0.139678,0.13205,0.123079,0.111979,0.0965738,0.0560219,,,,,,,,,,,,,,,,
129600,1.2,0.192819,0.192691,0.192307,0.191664,0.190762,0.189598,0.188167,0.186465,0.184485,0.182219,0.179658,0.176788,0.173593,0.170053,0.166142,0.161825,0.157056,0.151772,0.145881,0.139249,0.131659,0.122732,0.111683,0.0963441,0.0559528,,,,,,,,,,,,,,,,
130200,1.2,0.192094,0.191967,0.191585,0.190946,0.19005,0.188893,0.18747,0.185779,0.183811,0.181558,0.179012,0.176159,0.172983,0.169463,0.165574,0.161281,0.156539,0.151283,0.145423,0.138825,0.131273,0.122388,0.11139,0.0961167,0.0558849,,,,,,,,,,,,,,,,
130800,1.2,0.191378,0.191251,0.190871,0.190237,0.189346,0.188196,0.186782,0.1851,0.183144,0.180905,0.178374,0.175537,0.172379,0.16888,0.165013,0.160744,0.156027,0.150799,0.14497,0.138406,0.130891,0.122048,0.1111,0.0958917,0.0558181,,,,,,,,,,,,,,,,
131400,1.2,0.19067,0.190544,0.190166,0.189536,0.18865,0.187507,0.186102,0.18443,0.182485,0.18026,0.177743,0.174923,0.171783,0.168303,0.164458,0.160212,0.155521,0.150321,0.144522,0.137991,0.130513,0.121712,0.110813,0.095669,0.0557525,,,,,,,,,,,,,,,,
132000,1.2,0.18997,0.189845,0.18947,0.188843,0.187963,0.186826,0.185429,0.183768,0.181834,0.179622,0.177119,0.174315,0.171193,0.167733,0.163909,0.159687,0.15502,0.149848,0.144079,0.13758,0.130139,0.12138,0.11053,0.0954486,0.0556881,,,,,,,,,,,,,,,,
132600,1.2,0.189279,0.189155,0.188782,0.188158,0.187283,0.186153,0.184765,0.183113,0.181191,0.178991,0.176503,0.173715,0.170611,0.16717,0.163367,0.159167,0.154526,0.14938,0.143641,0.137175,0.129769,0.12105,0.110249,0.0952304,0.0556247,,,,,,,,,,,,,,,,
133200,1.2,0.188596,0.188472,0.188101,0.187482,0.186612,0.185488,0.184108,0.182466,0.180555,0.178367,0.175894,0.173121,0.170034,0.166613,0.16283,0.158653,0.154036,0.148917,0.143207,0.136773,0.129403,0.120725,0.109971,0.0950144,0.0555624,,,,,,,,,,,,,,,,
133800,1.2,0.18792,0.187797,0.187429,0.186813,0.185948,0.184831,0.183459,0.181826,0.179926,0.177751,0.175292,0.172535,0.169465,0.166062,0.1623,0.158145,0.153553,0.14846,0.142778,0.136376,0.129041,0.120403,0.109696,0.0948006,0.0555011,,,,,,,,,,,,,,,,
134400,1.2,0.187252,0.18713,0.186764,0.186152,0.185292,0.184181,0.182817,0.181193,0.179304,0.177142,0.174696,0.171955,0.168902,0.165517,0.161775,0.157643,0.153074,0.148007,0.142354,0.135983,0.128683,0.120084,0.109423,0.0945889,0.0554409,,,,,,,,,,,,,,,,
135000,1.2,0.186592,0.186471,0.186107,0.185498,0.184643,0.183539,0.182182,0.180568,0.17869,0.176539,0.174107,0.171381,0.168345,0.164978,0.161257,0.157146,0.152601,0.147559,0.141935,0.135594,0.128328,0.119768,0.109154,0.0943793,0.0553817,,,,,,,,,,,,,,,,
135600,1.2,0.18594,0.185819,0.185457,0.184852,0.184002,0.182904,0.181555,0.17995,0.178082,0.175944,0.173525,0.170814,0.167794,0.164446,0.160744,0.156654,0.152132,0.147117,0.141519,0.135209,0.127977,0.119456,0.108887,0.0941718,0.0553235,,,,,,,,,,,,,,,,
136200,1.2,0.185295,0.185175,0.184815,0.184213,0.183368,0.182276,0.180935,0.179338,0.177481,0.175355,0.172949,0.170252,0.167249,0.163919,0.160236,0.156168,0.151669,0.146678,0.141109,0.134829,0.12763,0.119146,0.108622,0.0939663,0.0552662,,,,,,,,,,,,,,,,
136800,1.2,0.184657,0.184538,0.184179,0.183581,0.182741,0.181655,0.180321,0.178734,0.176887,0.174772,0.17238,0.169698,0.16671,0.163397,0.159734,0.155687,0.151211,0.146245,0.140702,0.134452,0.127286,0.11884,0.108361,0.0937629,0.0552099,,,,,,,,,,,,,,,,
137400,1.2,0.184026,0.183908,0.183551,0.182956,0.182121,0.181041,0.179715,0.178136,0.176299,0.174196,0.171817,0.169149,0.166177,0.162882,0.159237,0.155211,0.150757,0.145816,0.1403,0.134079,0.126946,0.118537,0.108102,0.0935613,0.0551545,,,,,,,,,,,,,,,,
138000,1.2,0.183402,0.183284,0.18293,0.182338,0.181507,0.180434,0.179115,0.177545,0.175718,0.173626,0.17126,0.168606,0.16565,0.162372,0.158746,0.15474,0.150309,0.145391,0.139902,0.13371,0.12661,0.118237,0.107845,0.0933618,0.0551,,,,,,,,,,,,,,,,
138600,1.2,0.182786,0.182668,0.182316,0.181728,0.180901,0.179834,0.178522,0.17696,0.175143,0.173062,0.170709,0.168069,0.165129,0.161867,0.15826,0.154274,0.149865,0.144971,0.139508,0.133345,0.126276,0.11794,0.107591,0.0931641,0.0550463,,,,,,,,,,,,,,,,
139200,1.2,0.182176,0.182059,0.181708,0.181123,0.180301,0.17924,0.177935,0.176382,0.174574,0.172505,0.170163,0.167538,0.164613,0.161368,0.157779,0.153813,0.149425,0.144556,0.139118,0.132983,0.125946,0.117646,0.10734,0.0929683,0.0549936,,,,,,,,,,,,,,,,
139800,1.2,0.181572,0.181456,0.181108,0.180526,0.179708,0.178652,0.177354,0.17581,0.174012,0.171953,0.169624,0.167012,0.164102,0.160874,0.157304,0.153357,0.148991,0.144144,0.138732,0.132625,0.12562,0.117355,0.107091,0.0927744,0.0549417,,,,,,,,,,,,,,,,
140400,1.2,0.180975,0.18086,0.180513,0.179934,0.179121,0.178071,0.17678,0.175244,0.173456,0.171408,0.169091,0.166492,0.163597,0.160386,0.156833,0.152906,0.14856,0.143737,0.13835,0.132271,0.125296,0.117067,0.106844,0.0925823,0.0548906,,,,,,,,,,,,,,,,
141000,1.2,0.180385,0.18027,0.179925,0.179349,0.178541,0.177496,0.176212,0.174684,0.172905,0.170868,0.168563,0.165978,0.163097,0.159902,0.156367,0.152459,0.148135,0.143334,0.137972,0.13192,0.124976,0.116781,0.1066,0.0923921,0.0548403,,,,,,,,,,,,,,,,
141600,1.2,0.179801,0.179686,0.179344,0.178771,0.177966,0.176927,0.17565,0.17413,0.17236,0.170334,0.168041,0.165469,0.162603,0.159424,0.155906,0.152017,0.147713,0.142935,0.137598,0.131573,0.124659,0.116499,0.106358,0.0922036,0.0547908,,,,,,,,,,,,,,,,
142200,1.2,0.179223,0.179109,0.178768,0.178198,0.177398,0.176365,0.175094,0.173582,0.171822,0.169806,0.167524,0.164965,0.162114,0.15895,0.155449,0.151579,0.147296,0.14254,0.137227,0.131229,0.124345,0.116219,0.106118,0.0920168,0.0547421,,,,,,,,,,,,,,,,
142800,1.2,0.178651,0.178538,0.178199,0.177632,0.176836,0.175808,0.174544,0.17304,0.171288,0.169283,0.167013,0.164467,0.161629,0.158481,0.154998,0.151146,0.146883,0.142149,0.13686,0.130889,0.124034,0.115941,0.105881,0.0918318,0.0546941,,,,,,,,,,,,,,,,
143400,1.2,0.178085,0.177973,0.177635,0.177072,0.17628,0.175257,0.174,0.172503,0.170761,0.168765,0.166507,0.163973,0.16115,0.158017,0.154551,0.150717,0.146474,0.141762,0.136497,0.130552,0.123726,0.115666,0.105646,0.0916485,0.0546469,,,,,,,,,,,,,,,,
144000,1.2,0.177526,0.177414,0.177078,0.176517,0.175729,0.174712,0.173461,0.171972,0.170238,0.168253,0.166006,0.163485,0.160676,0.157558,0.154108,0.150293,0.14607,0.141379,0.136137,0.130218,0.123421,0.115394,0.105413,0.0914668,0.0546004,,,,,,,,,,,,,,,,
144600,1.2,0.176972,0.17686,0.176526,0.175969,0.175185,0.174172,0.172928,0.171446,0.169722,0.167746,0.16551,0.163002,0.160206,0.157104,0.15367,0.149873,0.145669,0.140999,0.135781,0.129887,0.123119,0.115125,0.105182,0.0912868,0.0545547,,,,,,,,,,,,,,,,
145200,1.2,0.176424,0.176313,0.175981,0.175425,0.174646,0.173639,0.1724,0.170926,0.16921,0.167244,0.16502,0.162524,0.159741,0.156654,0.153236,0.149457,0.145272,0.140624,0.135428,0.12956,0.12282,0.114858,0.104953,0.0911084,0.0545096,,,,,,,,,,,,,,,,
145800,1.2,0.175881,0.175771,0.17544,0.174888,0.174112,0.17311,0.171878,0.170411,0.168704,0.166748,0.164534,0.16205,0.159281,0.156208,0.152807,0.149045,0.144879,0.140252,0.135079,0.129235,0.122523,0.114593,0.104727,0.0909317,0.0544652,,,,,,,,,,,,,,,,
146400,1.2,0.175344,0.175235,0.174906,0.174356,0.173584,0.172587,0.171361,0.169902,0.168203,0.166256,0.164053,0.161581,0.158826,0.155767,0.152382,0.148637,0.14449,0.139883,0.134733,0.128914,0.12223,0.114331,0.104502,0.0907565,0.0544215,,,,,,,,,,,,,,,,
147000,1.2,0.174813,0.174704,0.174376,0.17383,0.173062,0.172069,0.17085,0.169397,0.167707,0.16577,0.163577,0.161117,0.158375,0.155331,0.151961,0.148233,0.144105,0.139518,0.13439,0.128596,0.121939,0.114072,0.10428,0.0905828,0.0543785,,,,,,,,,,,,,,,,
147600,1.2,0.174287,0.174178,0.173852,0.173308,0.172544,0.171557,0.170343,0.168898,0.167216,0.165288,0.163106,0.160658,0.157928,0.154898,0.151544,0.147833,0.143723,0.139157,0.134051,0.128281,0.121651,0.113815,0.104059,0.0904108,0.054336,,,,,,,,,,,,,,,,
148200,1.2,0.173766,0.173658,0.173334,0.172792,0.172032,0.17105,0.169842,0.168404,0.166729,0.164811,0.16264,0.160203,0.157486,0.15447,0.151131,0.147437,0.143346,0.138799,0.133714,0.127969,0.121366,0.11356,0.103841,0.0902402,0.0542943,,,,,,,,,,,,,,,,
148800,1.2,0.17325,0.173143,0.17282,0.172282,0.171525,0.170547,0.169346,0.167914,0.166248,0.164339,0.162178,0.159752,0.157048,0.154046,0.150722,0.147045,0.142971,0.138444,0.133381,0.127659,0.121083,0.113307,0.103624,0.0900711,0.0542531,,,,,,,,,,,,,,,,
149400,1.2,0.17274,0.172633,0.172312,0.171776,0.171023,0.17005,0.168854,0.16743,0.165771,0.163871,0.16172,0.159306,0.156615,0.153626,0.150317,0.146656,0.142601,0.138093,0.133052,0.127353,0.120803,0.113057,0.103409,0.0899035,0.0542126,,,,,,,,,,,,,,,,
150000,1.2,0.172235,0.172128,0.171809,0.171275,0.170526,0.169558,0.168368,0.16695,0.1653,0.163408,0.161267,0.158865,0.156185,0.153211,0.149917,0.146272,0.142234,0.137745,0.132725,0.127049,0.120525,0.112809,0.103197,0.0897374,0.0541726,,,,,,,,,,,,,,,,
150600,1.2,0.171734,0.171628,0.171311,0.17078,0.170034,0.16907,0.167886,0.166475,0.164832,0.16295,0.160819,0.158427,0.15576,0.152799,0.149519,0.14589,0.14187,0.137401,0.132401,0.126749,0.12025,0.112563,0.102986,0.0895727,0.0541332,,,,,,,,,,,,,,,,
151200,1.2,0.171239,0.171134,0.170817,0.170289,0.169547,0.168588,0.167409,0.166005,0.164369,0.162496,0.160375,0.157994,0.155339,0.152391,0.149126,0.145513,0.14151,0.137059,0.13208,0.126451,0.119977,0.112319,0.102777,0.0894094,0.0540945,,,,,,,,,,,,,,,,
151800,1.2,0.170748,0.170644,0.170329,0.169803,0.169064,0.16811,0.166936,0.165539,0.163911,0.162046,0.159935,0.157565,0.154922,0.151987,0.148736,0.145139,0.141153,0.136721,0.131762,0.126155,0.119707,0.112078,0.10257,0.0892475,0.0540562,,,,,,,,,,,,,,,,
152400,1.2,0.170263,0.170158,0.169845,0.169322,0.168586,0.167636,0.166468,0.165077,0.163457,0.161601,0.159499,0.15714,0.154509,0.151587,0.14835,0.144769,0.140799,0.136386,0.131447,0.125863,0.119439,0.111839,0.102364,0.089087,0.0540185,,,,,,,,,,,,,,,,
153000,1.2,0.169782,0.169678,0.169366,0.168845,0.168113,0.167168,0.166005,0.16462,0.163008,0.16116,0.159068,0.156719,0.154099,0.15119,0.147968,0.144401,0.140449,0.136054,0.131135,0.125572,0.119174,0.111601,0.102161,0.0889278,0.0539814,,,,,,,,,,,,,,,,
153600,1.2,0.169305,0.169202,0.168891,0.168373,0.167644,0.166703,0.165546,0.164168,0.162563,0.160723,0.15864,0.156302,0.153694,0.150798,0.147589,0.144038,0.140102,0.135725,0.130826,0.125285,0.118911,0.111366,0.101959,0.08877,0.0539448,,,,,,,,,,,,,,,,
154200,1.2,0.168833,0.16873,0.168421,0.167905,0.16718,0.166243,0.165091,0.163719,0.162122,0.160291,0.158217,0.155889,0.153292,0.150409,0.147214,0.143678,0.139758,0.135399,0.130519,0.125,0.11865,0.111133,0.101759,0.0886135,0.0539087,,,,,,,,,,,,,,,,
154800,1.2,0.168366,0.168263,0.167956,0.167442,0.16672,0.165788,0.164641,0.163275,0.161685,0.159862,0.157797,0.15548,0.152895,0.150023,0.146842,0.143321,0.139417,0.135075,0.130216,0.124718,0.118391,0.110902,0.10156,0.0884584,0.0538731,,,,,,,,,,,,,,,,
155400,1.2,0.167903,0.167801,0.167495,0.166983,0.166265,0.165337,0.164195,0.162836,0.161252,0.159437,0.157382,0.155074,0.1525,0.149641,0.146474,0.142967,0.139079,0.134755,0.129915,0.124438,0.118135,0.110673,0.101363,0.0883045,0.053838,,,,,,,,,,,,,,,,
156000,1.2,0.167444,0.167343,0.167038,0.166529,0.165814,0.16489,0.163753,0.1624,0.160823,0.159017,0.15697,0.154673,0.15211,0.149263,0.146109,0.142616,0.138745,0.134438,0.129616,0.12416,0.117881,0.110446,0.101168,0.0881519,0.0538034,,,,,,,,,,,,,,,,
156600,1.2,0.16699,0.166889,0.166586,0.166079,0.165367,0.164447,0.163316,0.161968,0.160399,0.1586,0.156562,0.154275,0.151723,0.148888,0.145747,0.142269,0.138413,0.134123,0.12932,0.123885,0.117629,0.11022,0.100975,0.0880005,0.0537693,,,,,,,,,,,,,,,,
157200,1.2,0.16654,0.166439,0.166137,0.165633,0.164924,0.164008,0.162882,0.16154,0.159978,0.158187,0.156158,0.15388,0.151339,0.148516,0.145388,0.141925,0.138084,0.133811,0.129027,0.123613,0.11738,0.109997,0.100783,0.0878504,0.0537357,,,,,,,,,,,,,,,,
157800,1.2,0.166094,0.165994,0.165693,0.165191,0.164485,0.163574,0.162452,0.161117,0.159561,0.157778,0.155758,0.15349,0.150959,0.148148,0.145033,0.141583,0.137758,0.133502,0.128737,0.123343,0.117132,0.109776,0.100593,0.0877015,0.0537025,,,,,,,,,,,,,,,,
158400,1.2,0.165652,0.165553,0.165253,0.164753,0.164051,0.163143,0.162027,0.160697,0.159148,0.157372,0.155361,0.153103,0.150583,0.147783,0.144681,0.141245,0.137435,0.133196,0.128448,0.123075,0.116887,0.109556,0.100404,0.0875538,0.0536698,,,,,,,,,,,,,,,,
159000,1.2,0.165215,0.165115,0.164817,0.16432,0.16362,0.162716,0.161605,0.160281,0.158738,0.15697,0.154968,0.152719,0.15021,0.147422,0.144332,0.14091,0.137115,0.132892,0.128163,0.122809,0.116644,0.109338,0.100217,0.0874073,0.0536375,,,,,,,,,,,,,,,,
159600,1.2,0.164781,0.164682,0.164386,0.16389,0.163193,0.162294,0.161187,0.159868,0.158333,0.156572,0.154578,0.152339,0.14984,0.147063,0.143986,0.140578,0.136798,0.132591,0.12788,0.122546,0.116402,0.109122,0.100031,0.087262,0.0536057,,,,,,,,,,,,,,,,
160200,1.2,0.164351,0.164253,0.163958,0.163464,0.162771,0.161875,0.160773,0.15946,0.157931,0.156178,0.154192,0.151962,0.149473,0.146708,0.143643,0.140248,0.136483,0.132293,0.127599,0.122284,0.116163,0.108908,0.0998472,0.0871179,0.0535743,,,,,,,,,,,,,,,,
160800,1.2,0.163925,0.163828,0.163533,0.163042,0.162352,0.16146,0.160362,0.159055,0.157532,0.155787,0.153809,0.151588,0.14911,0.146356,0.143303,0.139922,0.136172,0.131997,0.127321,0.122025,0.115926,0.108696,0.0996645,0.0869749,0.0535433,,,,,,,,,,,,,,,,
161400,1.2,0.163503,0.163406,0.163113,0.162624,0.161936,0.161048,0.159955,0.158654,0.157137,0.155399,0.15343,0.151218,0.14875,0.146007,0.142966,0.139598,0.135862,0.131704,0.127045,0.121769,0.115691,0.108485,0.0994834,0.086833,0.0535128,,,,,,,,,,,,,,,,
162000,1.2,0.163085,0.162988,0.162697,0.162209,0.161525,0.16064,0.159552,0.158256,0.156746,0.155015,0.153054,0.150851,0.148393,0.145661,0.142632,0.139277,0.135556,0.131413,0.126771,0.121514,0.115457,0.108276,0.0993037,0.0866923,0.0534826,,,,,,,,,,,,,,,,
162600,1.2,0.162671,0.162574,0.162284,0.161799,0.161117,0.160236,0.159153,0.157862,0.156358,0.154634,0.152681,0.150487,0.148039,0.145318,0.142301,0.138959,0.135252,0.131125,0.1265,0.121261,0.115226,0.108069,0.0991255,0.0865526,0.0534529,,,,,,,,,,,,,,,,
163200,1.2,0.16226,0.162164,0.161875,0.161392,0.160713,0.159836,0.158757,0.157471,0.155974,0.154257,0.152312,0.150127,0.147688,0.144978,0.141973,0.138644,0.134951,0.130839,0.126231,0.121011,0.114996,0.107863,0.0989486,0.0864141,0.0534235,,,,,,,,,,,,,,,,
163800,1.2,0.161853,0.161757,0.161469,0.160988,0.160312,0.159439,0.158364,0.157084,0.155593,0.153883,0.151945,0.149769,0.14734,0.144641,0.141648,0.138331,0.134652,0.130555,0.125964,0.120763,0.114769,0.10766,0.0987732,0.0862766,0.0533945,,,,,,,,,,,,,,,,
164400,1.2,0.161449,0.161354,0.161067,0.160588,0.159915,0.159045,0.157975,0.1567,0.155215,0.153512,0.151582,0.149415,0.146996,0.144307,0.141325,0.138021,0.134356,0.130274,0.125699,0.120516,0.114543,0.107457,0.0985992,0.0861402,0.053366,,,,,,,,,,,,,,,,
165000,1.2,0.161049,0.160954,0.160669,0.160192,0.159521,0.158655,0.157589,0.15632,0.15484,0.153144,0.151222,0.149064,0.146654,0.143975,0.141005,0.137714,0.134062,0.129995,0.125437,0.120272,0.114319,0.107257,0.0984265,0.0860049,0.0533378,,,,,,,,,,,,,,,,
165600,1.2,0.160653,0.160558,0.160274,0.159799,0.159131,0.158268,0.157207,0.155942,0.154469,0.15278,0.150866,0.148715,0.146315,0.143647,0.140688,0.137409,0.13377,0.129718,0.125176,0.12003,0.114097,0.107058,0.0982552,0.0858706,0.0533099,,,,,,,,,,,,,,,,
166200,1.2,0.16026,0.160165,0.159882,0.159409,0.158744,0.157885,0.156828,0.155568,0.154101,0.152418,0.150512,0.14837,0.145979,0.143321,0.140373,0.137107,0.133481,0.129444,0.124918,0.119789,0.113876,0.10686,0.0980852,0.0857373,0.0532824,,,,,,,,,,,,,,,,
166800,1.2,0.15987,0.159776,0.159494,0.159023,0.15836,0.157505,0.156452,0.155198,0.153736,0.15206,0.150161,0.148027,0.145646,0.142998,0.140061,0.136807,0.133195,0.129172,0.124662,0.119551,0.113658,0.106664,0.0979165,0.085605,0.0532553,,,,,,,,,,,,,,,,
167400,1.2,0.159483,0.15939,0.159109,0.15864,0.15798,0.157128,0.156079,0.15483,0.153374,0.151705,0.149813,0.147688,0.145315,0.142677,0.139752,0.136509,0.132911,0.128902,0.124408,0.119314,0.113441,0.10647,0.0977491,0.0854738,0.0532285,,,,,,,,,,,,,,,,
168000,1.2,0.1591,0.159007,0.158727,0.15826,0.157603,0.156754,0.15571,0.154465,0.153015,0.151353,0.149468,0.147351,0.144987,0.14236,0.139445,0.136215,0.132629,0.128635,0.124156,0.11908,0.113225,0.106277,0.097583,0.0853435,0.0532021,,,,,,,,,,,,,,,,
168600,1.2,0.158721,0.158628,0.158349,0.157884,0.157229,0.156384,0.155343,0.154104,0.15266,0.151003,0.149126,0.147017,0.144662,0.142044,0.139141,0.135922,0.132349,0.128369,0.123906,0.118847,0.113012,0.106085,0.0974181,0.0852142,0.053176,,,,,,,,,,,,,,,,
169200,1.2,0.158344,0.158251,0.157974,0.15751,0.156859,0.156016,0.15498,0.153746,0.152307,0.150657,0.148787,0.146686,0.14434,0.141732,0.138839,0.135632,0.132072,0.128106,0.123658,0.118616,0.1128,0.105895,0.0972546,0.0850859,0.0531502,,,,,,,,,,,,,,,,
169800,1.2,0.15797,0.157878,0.157602,0.15714,0.156491,0.155652,0.15462,0.15339,0.151957,0.150313,0.148451,0.146358,0.144021,0.141422,0.13854,0.135344,0.131797,0.127845,0.123412,0.118387,0.11259,0.105707,0.0970922,0.0849585,0.0531248,,,,,,,,,,,,,,,,
170400,1.2,0.1576,0.157508,0.157233,0.156773,0.156126,0.155291,0.154263,0.153038,0.15161,0.149973,0.148117,0.146032,0.143704,0.141115,0.138243,0.135059,0.131524,0.127585,0.123168,0.118159,0.112381,0.10552,0.0969311,0.0848321,0.0530996,,,,,,,,,,,,,,,,
171000,1.2,0.157233,0.157142,0.156867,0.156409,0.155765,0.154933,0.153908,0.152688,0.151266,0.149635,0.147786,0.145709,0.143389,0.14081,0.137948,0.134776,0.131253,0.127328,0.122926,0.117934,0.112174,0.105334,0.0967712,0.0847066,0.0530748,,,,,,,,,,,,,,,,
171600,1.2,0.156869,0.156778,0.156505,0.156048,0.155407,0.154577,0.153557,0.152341,0.150925,0.1493,0.147458,0.145388,0.143077,0.140507,0.137656,0.134495,0.130985,0.127073,0.122686,0.11771,0.111969,0.10515,0.0966125,0.0845821,0.0530503,,,,,,,,,,,,,,,,
172200,1.2,0.156508,0.156417,0.156145,0.15569,0.155051,0.154225,0.153209,0.151998,0.150586,0.148968,0.147133,0.145071,0.142768,0.140207,0.137366,0.134216,0.130718,0.12682,0.122447,0.117488,0.111765,0.104967,0.0964549,0.0844584,0.0530261,,,,,,,,,,,,,,,,
172800,1.2,0.156149,0.156059,0.155788,0.155335,0.154698,0.153876,0.152863,0.151657,0.150251,0.148638,0.14681,0.144755,0.142461,0.13991,0.137079,0.13394,0.130454,0.126569,0.122211,0.117268,0.111563,0.104786,0.0962986,0.0843357,0.0530022,,,,,,,,,,,,,,,,
173400,1.2,0.155794,0.155704,0.155434,0.154983,0.154349,0.153529,0.15252,0.151318,0.149918,0.148311,0.14649,0.144443,0.142157,0.139614,0.136794,0.133665,0.130192,0.12632,0.121976,0.117049,0.111362,0.104606,0.0961434,0.0842138,0.0529786,,,,,,,,,,,,,,,,
174000,1.2,0.155442,0.155352,0.155083,0.154634,0.154002,0.153185,0.15218,0.150983,0.149587,0.147987,0.146172,0.144133,0.141855,0.139321,0.136511,0.133393,0.129931,0.126073,0.121743,0.116832,0.111163,0.104427,0.0959893,0.0840929,0.0529553,,,,,,,,,,,,,,,,
174600,1.2,0.155092,0.155003,0.154735,0.154287,0.153658,0.152844,0.151843,0.15065,0.14926,0.147665,0.145857,0.143825,0.141555,0.139031,0.13623,0.133123,0.129673,0.125828,0.121512,0.116616,0.110965,0.10425,0.0958363,0.0839728,0.0529323,,,,,,,,,,,,,,,,
175200,1.2,0.154746,0.154657,0.15439,0.153944,0.153317,0.152506,0.151509,0.15032,0.148935,0.147346,0.145544,0.14352,0.141258,0.138743,0.135951,0.132855,0.129417,0.125584,0.121283,0.116403,0.110769,0.104074,0.0956845,0.0838535,0.0529095,,,,,,,,,,,,,,,,
175800,1.2,0.154402,0.154313,0.154047,0.153603,0.152978,0.15217,0.151177,0.149993,0.148612,0.147029,0.145234,0.143217,0.140963,0.138457,0.135675,0.13259,0.129163,0.125343,0.121055,0.11619,0.110574,0.103899,0.0955337,0.0837351,0.052887,,,,,,,,,,,,,,,,
176400,1.2,0.154061,0.153973,0.153707,0.153265,0.152642,0.151838,0.150848,0.149668,0.148293,0.146715,0.144926,0.142916,0.140671,0.138173,0.135401,0.132326,0.128911,0.125103,0.120829,0.11598,0.110381,0.103725,0.0953841,0.0836176,0.0528648,,,,,,,,,,,,,,,,
177000,1.2,0.153722,0.153634,0.15337,0.152929,0.152309,0.151507,0.150521,0.149345,0.147975,0.146403,0.144621,0.142618,0.14038,0.137891,0.135129,0.132064,0.12866,0.124865,0.120605,0.115771,0.110189,0.103553,0.0952355,0.0835009,0.0528429,,,,,,,,,,,,,,,,
177600,1.2,0.153387,0.153299,0.153036,0.152596,0.151978,0.15118,0.150197,0.149026,0.14766,0.146094,0.144318,0.142322,0.140092,0.137612,0.134859,0.131805,0.128412,0.124629,0.120383,0.115563,0.109998,0.103382,0.095088,0.083385,0.0528212,,,,,,,,,,,,,,,,
178200,1.2,0.153054,0.152966,0.152704,0.152266,0.151651,0.150855,0.149876,0.148708,0.147348,0.145787,0.144018,0.142029,0.139807,0.137334,0.134591,0.131547,0.128165,0.124395,0.120162,0.115358,0.109809,0.103212,0.0949415,0.0832699,0.0527998,,,,,,,,,,,,,,,,
178800,1.2,0.152723,0.152636,0.152375,0.151939,0.151325,0.150532,0.149557,0.148394,0.147038,0.145483,0.14372,0.141737,0.139523,0.137059,0.134325,0.131291,0.127921,0.124162,0.119942,0.115153,0.109621,0.103044,0.0947961,0.0831557,0.0527786,,,,,,,,,,,,,,,,
179400,1.2,0.152395,0.152309,0.152049,0.151614,0.151002,0.150212,0.14924,0.148081,0.146731,0.145181,0.143424,0.141448,0.139242,0.136786,0.134061,0.131037,0.127678,0.123931,0.119725,0.11495,0.109435,0.102876,0.0946517,0.0830422,0.0527577,,,,,,,,,,,,,,,,
180000,1.2,0.15207,0.151984,0.151724,0.151291,0.150682,0.149895,0.148926,0.147771,0.146425,0.144881,0.14313,0.141162,0.138962,0.136515,0.133799,0.130785,0.127437,0.123702,0.119509,0.114749,0.10925,0.10271,0.0945084,0.0829295,0.0527371,,,,,,,,,,,,,,,,
180600,1.2,0.151747,0.151661,0.151403,0.150971,0.150364,0.14958,0.148615,0.147464,0.146123,0.144584,0.142839,0.140877,0.138685,0.136246,0.133539,0.130535,0.127197,0.123475,0.119294,0.114549,0.109066,0.102545,0.094366,0.0828176,0.0527166,,,,,,,,,,,,,,,,
181200,1.2,0.151427,0.151341,0.151084,0.150654,0.150049,0.149267,0.148305,0.147159,0.145822,0.144289,0.14255,0.140594,0.13841,0.135979,0.133281,0.130287,0.12696,0.123249,0.119082,0.11435,0.108884,0.102381,0.0942246,0.0827065,0.0526964,,,,,,,,,,,,,,,,
181800,1.2,0.151109,0.151024,0.150767,0.150339,0.149736,0.148957,0.147999,0.146856,0.145524,0.143996,0.142263,0.140314,0.138137,0.135714,0.133025,0.130041,0.126724,0.123025,0.11887,0.114153,0.108703,0.102219,0.0940842,0.0825961,0.0526765,,,,,,,,,,,,,,,,
182400,1.2,0.150794,0.150709,0.150453,0.150026,0.149426,0.148649,0.147694,0.146556,0.145228,0.143705,0.141978,0.140036,0.137866,0.135452,0.132771,0.129796,0.12649,0.122802,0.118661,0.113958,0.108523,0.102057,0.0939448,0.0824865,0.0526568,,,,,,,,,,,,,,,,
183000,1.2,0.150481,0.150396,0.150141,0.149716,0.149117,0.148344,0.147392,0.146257,0.144934,0.143417,0.141695,0.13976,0.137597,0.135191,0.132519,0.129553,0.126258,0.122581,0.118452,0.113763,0.108344,0.101897,0.0938063,0.0823776,0.0526373,,,,,,,,,,,,,,,,
183600,1.2,0.15017,0.150086,0.149832,0.149408,0.148812,0.148041,0.147092,0.145961,0.144643,0.14313,0.141415,0.139486,0.13733,0.134932,0.132268,0.129312,0.126027,0.122362,0.118246,0.11357,0.108167,0.101737,0.0936688,0.0822695,0.052618,,,,,,,,,,,,,,,,
183931,1.2,0.15,0.149916,0.149662,0.149239,0.148644,0.147874,0.146928,0.145799,0.144483,0.142973,0.141261,0.139335,0.137184,0.134789,0.132131,0.12918,0.125901,0.122242,0.118132,0.113465,0.10807,0.10165,0.0935933,0.0822101,0.0526075,,,,,,,,,,,,,,,,
