t_s,Cbar,R_cm
0,2.55,2
600,2.46726,1.95767
1200,2.40276,1.91533
1800,2.34458,1.873
2400,2.28981,1.84667
3000,2.23728,1.82033
3600,2.18631,1.794
4200,2.13641,1.76367
4800,2.08734,1.73333
5400,2.03897,1.703
6000,1.99131,1.677
6600,1.94439,1.651
7200,1.89821,1.625
7800,1.85297,1.613
8400,1.80892,1.601
9000,1.76603,1.589
9600,1.72426,1.57667
10200,1.68354,1.56433
10800,1.64382,1.552
11400,1.60502,1.538
12000,1.56711,1.524
12600,1.53003,1.51
13200,1.49377,1.499
13800,1.45834,1.488
14400,1.42372,1.477
15000,1.38988,1.467
15600,1.35681,1.457
16200,1.32449,1.447
16800,1.29291,1.43933
17400,1.26209,1.43167
18000,1.232,1.424
18600,1.20261,1.415
19200,1.17387,1.406
19800,1.14577,1.397
20400,1.11831,1.38933
21000,1.09148,1.38167
21600,1.06527,1.374
22200,1.03969,1.368
22800,1.01475,1.362
23400,0.990431,1.356
24000,0.966719,1.34967
24600,0.943596,1.34333
25200,0.921048,1.337
25800,0.899074,1.33167
26400,0.877674,1.32633
27000,0.856834,1.321
27600,0.836564,1.31767
28200,0.816871,1.31433
28800,0.797745,1.311
29400,0.779166,1.307
30000,0.761113,1.303
30600,0.743572,1.299
31200,0.726541,1.29633
31800,0.71002,1.29367
32400,0.693996,1.291
33000,0.678451,1.28767
33600,0.663365,1.28433
34200,0.648725,1.281
34800,0.634524,1.27833
35400,0.620753,1.27567
36000,0.607401,1.273
36600,0.594459,1.27067
37200,0.581916,1.26833
37800,0.56976,1.266
38400,0.557983,1.264
39000,0.546574,1.262
39600,0.535522,1.26
40200,0.524814,1.25767
40800,0.514437,1.25533
41400,0.504379,1.253
42000,0.494634,1.25133
42600,0.485195,1.24967
43200,0.476053,1.248
43800,0.4672,1.24667
44400,0.458626,1.24533
45000,0.450324,1.244
45600,0.442284,1.24267
46200,0.434495,1.24133
46800,0.42695,1.24
47400,0.41964,1.23867
48000,0.412556,1.23733
48600,0.40569,1.236
49200,0.399036,1.235
49800,0.392587,1.234
50400,0.386336,1.233
51000,0.380275,1.23167
51600,0.374395,1.23033
52200,0.36869,1.229
52800,0.363155,1.228
53400,0.357783,1.227
54000,0.352571,1.226
54600,0.347511,1.225
55200,0.342598,1.224
55800,0.337827,1.223
56400,0.333194,1.22233
57000,0.328694,1.22167
57600,0.324324,1.221
58200,0.320077,1.22033
58800,0.315951,1.21967
59400,0.311939,1.219
60000,0.30804,1.21867
60600,0.304249,1.21833
61200,0.300563,1.218
61800,0.296978,1.21733
62400,0.293488,1.21667
63000,0.290091,1.216
63600,0.286783,1.21533
64200,0.28356,1.21467
64800,0.280421,1.214
65400,0.277362,1.21367
66000,0.274382,1.21333
66600,0.271478,1.213
67200,0.268648,1.21267
67800,0.265888,1.21233
68400,0.263197,1.212
69000,0.260572,1.21167
69600,0.25801,1.21133
70200,0.255511,1.211
70800,0.253071,1.21067
71400,0.250689,1.21033
72000,0.248363,1.21
72600,0.24609,1.20967
73200,0.243871,1.20933
73800,0.241701,1.209
74400,0.239581,1.20867
75000,0.237508,1.20833
75600,0.235481,1.208
76200,0.233498,1.20767
76800,0.231559,1.20733
77400,0.229661,1.207
78000,0.227804,1.20667
78600,0.225987,1.20633
79200,0.224207,1.206
79800,0.222465,1.206
80400,0.22076,1.206
81000,0.21909,1.206
81600,0.217455,1.20567
82200,0.215852,1.20533
82800,0.214281,1.205
83400,0.212742,1.205
84000,0.211233,1.205
84600,0.209755,1.205
85200,0.208305,1.20467
85800,0.206883,1.20433
86400,0.205487,1.204
87000,0.204118,1.204
87600,0.202775,1.204
88200,0.201457,1.204
88800,0.200164,1.20367
89400,0.198894,1.20333
90000,0.197646,1.203
90600,0.196421,1.203
91200,0.195219,1.203
91800,0.194038,1.203
92400,0.192877,1.203
93000,0.191738,1.203
93600,0.190618,1.203
94200,0.189518,1.203
94800,0.188437,1.203
95400,0.187374,1.203
96000,0.186329,1.20267
96600,0.185301,1.20233
97200,0.18429,1.202
97800,0.183295,1.202
98400,0.182317,1.202
99000,0.181354,1.202
99600,0.180407,1.202
100200,0.179476,1.202
100800,0.178559,1.202
101400,0.177656,1.202
102000,0.176768,1.202
102600,0.175894,1.202
103200,0.175033,1.202
103800,0.174185,1.202
104400,0.173351,1.202
105000,0.172528,1.20167
105600,0.171718,1.20133
106200,0.170919,1.201
106800,0.170132,1.201
107400,0.169356,1.201
108000,0.168592,1.201
108600,0.167839,1.201
109200,0.167097,1.201
109800,0.166365,1.201
110400,0.165643,1.201
111000,0.164932,1.201
111600,0.164231,1.201
112200,0.163539,1.201
112800,0.162857,1.201
113400,0.162185,1.201
114000,0.161521,1.201
114600,0.160866,1.201
115200,0.16022,1.201
115800,0.159583,1.201
116400,0.158954,1.201
117000,0.158334,1.201
117600,0.157721,1.201
118200,0.157117,1.201
118800,0.15652,1.201
119400,0.155931,1.201
120000,0.155349,1.201
120600,0.154775,1.201
121200,0.154208,1.201
121800,0.153648,1.201
122400,0.153095,1.201
123000,0.152548,1.201
123600,0.152009,1.201
124200,0.151476,1.201
124800,0.150949,1.20067
125400,0.150428,1.20033
126000,0.149913,1.2
126600,0.149404,1.2
127200,0.148901,1.2
127800,0.148404,1.2
128400,0.147913,1.2
129000,0.147428,1.2
129600,0.146948,1.2
130200,0.146473,1.2
130800,0.146004,1.2
131400,0.14554,1.2
132000,0.145082,1.2
132600,0.144628,1.2
133200,0.14418,1.2
133800,0.143736,1.2
134400,0.143298,1.2
135000,0.142864,1.2
135600,0.142435,1.2
136200,0.14201,1.2
136800,0.14159,1.2
137400,0.141174,1.2
138000,0.140763,1.2
138600,0.140356,1.2
139200,0.139954,1.2
139800,0.139555,1.2
140400,0.139161,1.2
141000,0.138771,1.2
141600,0.138385,1.2
142200,0.138003,1.2
142800,0.137624,1.2
143400,0.137249,1.2
144000,0.136879,1.2
144600,0.136511,1.2
145200,0.136148,1.2
145800,0.135788,1.2
146400,0.135431,1.2
147000,0.135078,1.2
147600,0.134729,1.2
148200,0.134383,1.2
148800,0.13404,1.2
149400,0.1337,1.2
150000,0.133364,1.2
150600,0.133031,1.2
151200,0.132701,1.2
151800,0.132374,1.2
152400,0.13205,1.2
153000,0.131729,1.2
153600,0.131411,1.2
154200,0.131095,1.2
154800,0.130783,1.2
155400,0.130474,1.2
156000,0.130167,1.2
156600,0.129863,1.2
157200,0.129562,1.2
157800,0.129264,1.2
158400,0.128968,1.2
159000,0.128674,1.2
159600,0.128384,1.2
160200,0.128096,1.2
160800,0.12781,1.2
161400,0.127527,1.2
162000,0.127246,1.2
162600,0.126967,1.2
163200,0.126691,1.2
163800,0.126418,1.2
164400,0.126146,1.2
165000,0.125877,1.2
165600,0.12561,1.2
166200,0.125346,1.2
166800,0.125083,1.2
167400,0.124823,1.2
168000,0.124565,1.2
168600,0.124308,1.2
169200,0.124054,1.2
169800,0.123802,1.2
170400,0.123552,1.2
171000,0.123304,1.2
171600,0.123059,1.2
172200,0.122814,1.2
172800,0.122572,1.2
173400,0.122332,1.2
174000,0.122094,1.2
174600,0.121857,1.2
175200,0.121623,1.2
175800,0.12139,1.2
176400,0.121159,1.2
177000,0.120929,1.2
177600,0.120702,1.2
178200,0.120476,1.2
178800,0.120252,1.2
179400,0.12003,1.2
180000,0.119809,1.2
180600,0.11959,1.2
181200,0.119372,1.2
181800,0.119156,1.2
182400,0.118942,1.2
183000,0.118729,1.2
183600,0.118518,1.2
184200,0.118308,1.2
184800,0.1181,1.2
185400,0.117893,1.2
186000,0.117688,1.2
186600,0.117485,1.2
187200,0.117282,1.2
187800,0.117082,1.2
188400,0.116882,1.2
189000,0.116684,1.2
189600,0.116487,1.2
190200,0.116292,1.2
190800,0.116098,1.2
191400,0.115906,1.2
192000,0.115715,1.2
192600,0.115525,1.2
193200,0.115336,1.2
193800,0.115149,1.2
194400,0.114963,1.2
195000,0.114778,1.2
195600,0.114594,1.2
196200,0.114412,1.2
196800,0.114231,1.2
197400,0.114051,1.2
198000,0.113872,1.2
198600,0.113694,1.2
199200,0.113518,1.2
199800,0.113343,1.2
200400,0.113169,1.2
201000,0.112996,1.2
201600,0.112824,1.2
202200,0.112653,1.2
202800,0.112483,1.2
203400,0.112315,1.2
204000,0.112147,1.2
204600,0.111981,1.2
205200,0.111816,1.2
205800,0.111651,1.2
206400,0.111488,1.2
207000,0.111326,1.2
207600,0.111164,1.19967
208200,0.111004,1.19933
208800,0.110844,1.199
209400,0.110686,1.199
210000,0.110528,1.199
210600,0.110372,1.199
211200,0.110216,1.199
211800,0.110061,1.199
212400,0.109907,1.199
213000,0.109755,1.199
213600,0.109603,1.199
214200,0.109452,1.199
214800,0.109301,1.199
215400,0.109152,1.199
216000,0.109004,1.199
216600,0.108856,1.199
217200,0.10871,1.199
217800,0.108564,1.199
218400,0.108419,1.199
219000,0.108275,1.199
219600,0.108132,1.199
220200,0.10799,1.199
220800,0.107848,1.199
221400,0.107707,1.199
222000,0.107567,1.199
222600,0.107428,1.199
223200,0.10729,1.199
223800,0.107152,1.199
224400,0.107015,1.199
225000,0.106879,1.199
225600,0.106744,1.199
226200,0.10661,1.199
226800,0.106476,1.199
227400,0.106343,1.199
228000,0.106211,1.199
228600,0.106079,1.199
229200,0.105948,1.199
229800,0.105818,1.199
230400,0.105689,1.199
231000,0.10556,1.199
231600,0.105432,1.199
232200,0.105305,1.199
232800,0.105178,1.199
233400,0.105052,1.199
234000,0.104927,1.199
234600,0.104802,1.199
235200,0.104679,1.199
235800,0.104555,1.199
236400,0.104433,1.199
237000,0.104311,1.199
237600,0.104189,1.199
238200,0.104069,1.199
238800,0.103949,1.199
239400,0.103829,1.199
240000,0.10371,1.19867
240600,0.103592,1.19833
241200,0.103474,1.198
241800,0.103357,1.198
242400,0.103241,1.198
243000,0.103125,1.198
243600,0.103009,1.198
244200,0.102895,1.198
244800,0.10278,1.198
245400,0.102667,1.198
246000,0.102554,1.198
246600,0.102441,1.198
247200,0.102329,1.198
247800,0.102218,1.198
248400,0.102107,1.198
249000,0.101997,1.198
249600,0.101887,1.198
250200,0.101778,1.198
250800,0.101669,1.198
251400,0.101561,1.198
252000,0.101454,1.198
252600,0.101347,1.198
253200,0.10124,1.198
253800,0.101134,1.198
254400,0.101029,1.198
255000,0.100924,1.198
255600,0.100819,1.198
256200,0.100715,1.198
256800,0.100612,1.198
257400,0.100509,1.198
258000,0.100406,1.198
258600,0.100304,1.198
259200,0.100203,1.198
