question,state,D_or_alpha_m2s,time_scale_h,Bi_m,Bi_h
q1,C0_T0,4.93766e-09,22.5028,3.2404,1.38889
q1,C0_Tp,4.93766e-09,22.5028,3.2404,1.38889
q1,C015_Tp,1.85474e-11,5990.64,862.652,1.38889
q1,thermal,1.68856e-07,0.658025,,1.38889
q23,C0_T0,5.64168e-09,19.6947,2.83603,1.03529
q23,C0_Tp,1.34704e-08,8.24851,1.18779,1.03529
q23,C015_Tp,8.00089e-10,138.873,19.9978,1.9263
q23,thermal,1.44828e-07,0.767193,,1.03529
q4,C0_T0,1.04711e-09,106.112,15.2801,1.89637
q4,C0_Tp,2.50015e-09,44.4417,6.39961,1.89637
q4,C015_Tp,3.80602e-10,291.935,42.0387,3.42262
q4,thermal,7.85006e-08,1.41542,,1.89637
