quantity,value
q23_tstar_N200_h,57.47445786
q23_tstar_N400_h,57.47411472
q23_tstar_N800_h,57.4740269
q23_tstar_N400_rtol1e-10_h,57.47411463
q23_mass_balance_rel,1.058032728e-08
q4_mass_balance_rel,1.107276021e-08
q23_field_maxdiff_C_800_1600,0.0001548821455
q23_field_maxdiff_C_at_t_s,1
q23_field_maxdiff_C_at_r_cm,2
q23_field_maxdiff_T_800_1600,0.0002011852652
q23_field_maxdiff_T_at_t_s,1080
q23_field_maxdiff_T_at_r_cm,2
q23_tstar_N1600_h,57.47400471
q4_field_maxdiff_C_800_1600,0.0002194119585
q4_field_maxdiff_C_at_t_s,124620
q4_field_maxdiff_C_at_r_cm,1.2
q4_tstar_N1600_h,51.09200832
